1,935,2001,1,GK,94,51,44,31,46,48,52,46,37,2
2,936,2001,1,DC,18,91,48,33,90,72,74,55,43,3
3,937,2001,1,DC,18,92,50,32,90,70,75,57,41,3
4,938,2001,1,DR,18,90,55,43,83,80,82,46,43,4
5,939,2001,1,DR,18,82,46,35,81,79,83,54,43,4
6,940,2001,1,AF,17,42,72,96,82,74,77,87,81,4
7,941,2001,1,DC,17,81,44,31,76,75,76,54,49,5
8,942,2001,1,MR,18,42,88,51,72,80,82,78,70,5
9,943,2001,1,AF,17,35,72,90,69,90,84,71,59,6
10,944,2001,1,DC,19,95,58,43,94,86,85,63,44,6
11,945,2001,1,ML,18,49,88,50,78,86,90,78,72,6
12,946,2001,1,DC,18,84,46,32,80,75,79,55,47,6
13,947,2001,1,M,20,43,98,85,79,92,92,97,88,7
14,948,2001,1,MC,20,85,97,57,95,92,92,81,70,7
15,949,2001,1,AF,18,37,48,91,80,84,89,85,62,7
16,950,2001,1,DR,17,86,52,40,79,88,83,61,47,7
17,951,2001,1,AF,19,46,83,98,83,96,94,92,85,7
18,952,2001,1,MC,17,38,83,41,66,80,88,73,55,7
19,953,2001,1,M,18,42,93,80,78,85,87,88,79,8
20,254,2001,1,GK,86,48,44,31,48,54,51,45,32,8
21,955,2001,1,MC,17,46,90,58,77,82,83,80,69,8
22,186,2001,1,DC,15,77,43,33,74,75,79,54,47,8
23,957,2001,1,DL,17,92,56,45,82,95,90,70,48,8
24,958,2001,1,AS,16,32,39,82,72,80,77,68,57,8
25,959,2001,1,DC,16,85,46,32,81,89,86,58,42,8
26,960,2001,1,MC,15,32,80,52,71,83,78,77,52,8
27,961,2001,1,MR,15,31,81,55,59,92,76,81,70,9
28,962,2001,2,GK,87,48,43,33,52,55,50,45,35,1
29,963,2001,2,ML,18,31,88,62,72,84,76,91,88,3
30,964,2001,2,M,18,42,91,66,73,79,74,83,76,3
31,965,2001,2,AS,18,34,42,82,82,87,79,69,56,3
32,966,2001,2,DL,18,85,51,30,74,80,86,67,47,4
33,967,2001,2,MR,17,39,84,43,67,70,88,71,66,4
34,968,2001,2,DL,16,83,56,35,69,85,79,65,53,4
35,969,2001,2,MR,18,34,85,57,67,82,76,80,83,4
36,970,2001,2,M,18,37,85,53,65,80,77,72,72,5
37,971,2001,2,DC,18,86,49,34,88,84,82,62,47,5
38,972,2001,2,DR,17,82,47,30,77,75,82,65,53,5
39,973,2001,2,MC,18,60,83,36,82,80,82,65,57,6
40,974,2001,2,AF,18,38,52,89,75,82,83,80,69,7
41,975,2001,2,GK,81,48,44,32,44,51,49,46,32,7
42,976,2001,2,MC,18,52,86,46,73,80,82,70,54,7
43,977,2001,2,DC,17,84,46,35,85,78,80,63,48,7
44,978,2001,2,AS,17,34,45,83,80,82,77,58,50,7
45,979,2001,2,MC,17,55,83,34,79,74,85,63,47,7
46,477,2001,2,AS,16,32,35,79,78,80,74,67,54,8
47,144,2001,2,MC,17,58,88,44,78,80,82,73,65,8
48,982,2001,2,D,15,76,38,34,69,88,80,67,56,8
49,983,2001,2,M,17,57,82,42,79,82,83,77,73,8
50,984,2001,2,AS,17,35,43,78,72,93,81,69,44,9
51,422,2001,2,GK,75,44,34,29,48,55,57,48,34,9
52,986,2001,21,AF,18,32,54,86,79,73,77,84,72,2
53,987,2001,21,DC,18,81,40,36,84,67,82,57,42,3
54,988,2001,21,GK,78,46,40,30,46,50,49,42,33,3
55,989,2001,21,GK,79,48,39,37,43,52,56,43,40,3
56,403,2001,21,GK,86,49,43,34,48,56,61,47,37,4
57,991,2001,21,DC,18,86,43,30,84,73,73,55,49,5
58,992,2001,21,DL,18,85,45,34,65,75,85,62,58,5
59,993,2001,21,M,18,37,80,45,60,77,78,82,88,5
60,994,2001,21,MC,17,58,86,43,77,79,83,80,69,5
61,995,2001,21,MC,17,46,82,40,63,73,82,79,73,5
62,996,2001,21,DL,17,83,48,31,68,82,84,66,53,5
63,997,2001,21,MR,17,32,84,55,66,89,82,78,75,5
64,998,2001,21,AF,18,37,46,83,79,84,87,62,50,6
65,999,2001,21,AF,17,36,49,88,82,87,82,74,70,7
66,1000,2001,21,D,16,85,42,34,83,83,82,63,48,7
67,1001,2001,21,AF,17,32,42,80,78,72,76,77,52,7
68,1002,2001,21,ML,16,44,78,31,70,76,68,81,80,7
69,1003,2001,21,DR,16,78,38,32,64,85,92,62,47,7
70,1004,2001,21,ML,17,32,87,77,70,94,82,86,73,8
71,1005,2001,21,DC,16,78,40,30,76,81,74,53,44,8
72,1006,2001,21,MC,17,42,86,65,76,81,80,84,70,8
73,1007,2001,21,DL,16,78,42,31,79,80,82,56,36,9
74,1008,2001,22,GK,77,46,39,27,45,47,50,43,30,2
75,1009,2001,22,DC,17,80,44,28,82,77,80,43,32,2
76,1010,2001,22,AS,17,31,42,78,70,68,71,56,42,2
77,1011,2001,22,DC,17,82,44,30,85,74,78,47,33,3
78,1012,2001,22,AF,17,34,54,86,70,79,76,90,79,3
79,1013,2001,22,GK,76,47,42,33,46,54,55,43,37,3
80,1014,2001,22,D,17,80,39,30,82,67,70,55,37,4
81,1015,2001,22,AS,17,32,38,79,70,70,73,64,58,4
82,1016,2001,22,M,18,43,79,40,70,78,75,68,48,4
83,1017,2001,22,AF,16,31,36,80,68,85,79,67,53,4
84,1018,2001,22,MC,18,40,82,44,73,75,76,82,70,4
85,1019,2001,22,DC,18,82,40,34,84,79,82,55,46,4
86,1020,2001,22,DL,16,81,46,33,70,73,80,64,47,4
87,1021,2001,22,MR,17,31,80,48,70,78,74,70,66,4
88,1022,2001,22,MC,16,48,81,32,74,72,83,59,43,5
89,1023,2001,22,D,17,78,39,32,75,81,88,54,46,5
90,1024,2001,22,AF,16,31,39,78,70,72,78,58,47,5
91,1025,2001,22,M,16,40,79,39,71,78,76,75,63,6
92,452,2001,22,GK,85,46,38,34,47,57,60,47,36,6
93,1027,2001,22,ML,18,35,79,47,68,77,82,80,77,6
94,1028,2001,22,ML,17,44,83,49,67,90,83,69,47,7
95,1029,2001,22,AS,17,35,41,85,81,88,77,63,54,7
96,1030,2001,22,DR,15,75,39,36,66,78,80,48,32,7
97,1031,2001,22,MR,16,39,81,45,62,90,79,63,43,8
98,1032,2001,22,DR,15,73,39,29,72,79,83,51,42,8
99,438,2001,22,MC,17,42,79,43,74,79,81,75,49,9
100,1034,2001,23,GK,82,50,42,31,48,56,57,46,34,3
101,1035,2001,23,AF,17,32,44,79,69,76,85,58,47,3
102,1036,2001,23,DL,18,80,46,34,72,85,79,61,50,4
103,1037,2001,23,AF,17,30,38,80,86,79,87,58,40,4
104,1038,2001,23,MC,18,39,83,57,72,85,82,77,74,4
105,1039,2001,23,AF,19,30,42,84,73,90,83,71,57,4
106,1040,2001,23,AF,18,30,39,78,75,78,76,64,67,5
107,1041,2001,23,GK,79,47,40,38,47,54,50,42,38,5
108,1042,2001,23,DC,17,78,46,30,77,72,80,53,42,5
109,1043,2001,23,DC,18,82,45,35,82,80,81,57,46,6
110,1044,2001,23,M,19,52,83,31,72,80,86,79,82,6
111,1045,2001,23,DR,17,77,37,32,73,76,82,58,39,6
112,1046,2001,23,AS,16,34,38,77,71,80,79,61,42,6
113,1047,2001,23,DC,18,80,40,38,73,84,84,56,48,6
114,1048,2001,23,AF,17,32,43,81,62,93,90,79,60,6
115,1049,2001,23,AF,16,34,37,78,70,81,77,66,46,6
116,1050,2001,23,AF,18,35,39,80,79,90,84,68,48,7
117,1051,2001,23,MC,17,32,84,54,72,79,78,82,76,7
118,1052,2001,23,DR,16,77,41,34,66,79,84,64,48,8
119,1053,2001,23,DC,17,78,44,30,77,79,83,53,41,8
120,1054,2001,23,MC,17,42,84,51,77,81,80,84,77,8
121,194,2001,23,DL,16,77,39,31,71,80,86,58,52,8
122,1056,2001,4,MC,18,54,87,32,84,75,79,70,54,2
123,1057,2001,4,AF,16,33,65,91,68,77,74,88,82,3
124,1058,2001,4,GK,90,48,42,34,46,55,56,43,33,3
125,1059,2001,4,DR,18,87,42,34,79,79,83,59,50,3
126,1060,2001,4,DC,19,96,62,41,91,84,88,50,41,4
127,1061,2001,4,DL,19,90,54,38,78,86,81,76,60,4
128,1062,2001,4,MC,18,62,93,42,82,80,85,78,65,5
129,1063,2001,4,MC,18,78,94,52,82,80,86,79,62,5
130,1064,2001,4,GK,85,43,36,30,41,55,53,45,38,5
131,1065,2001,4,GK,89,50,42,35,47,55,51,45,32,5
132,1066,2001,4,AS,18,40,52,94,90,88,84,79,66,6
133,1067,2001,4,DR,17,88,43,33,79,86,81,53,46,6
134,1068,2001,4,ML,17,34,88,63,71,83,77,82,71,7
135,1069,2001,4,M,17,36,89,61,72,92,83,82,70,7
136,1070,2001,4,DL,18,83,49,33,71,87,81,58,46,7
137,1071,2001,4,DC,18,92,61,37,88,82,86,66,48,8
138,1072,2001,4,MC,17,52,91,79,81,90,87,92,80,8
139,1073,2001,4,AS,17,40,57,86,85,91,88,82,69,9
140,1074,2001,4,AS,16,34,40,77,80,82,76,62,53,9
141,445,2001,4,AS,15,34,45,78,71,89,80,64,44,9
142,470,2001,4,DC,15,80,41,33,78,82,81,54,43,9
143,99,2001,4,DC,17,84,41,33,90,82,79,58,42,10
144,1078,2001,4,MC,18,29,86,57,68,86,81,88,77,10
145,1079,2001,24,MC,17,53,84,36,74,72,84,67,67,2
146,1080,2001,24,AF,17,30,45,82,93,80,92,59,84,3
147,1081,2001,24,AF,17,33,42,90,85,76,73,88,72,4
148,1082,2001,24,DC,18,81,43,31,96,79,85,53,45,4
149,1083,2001,24,MC,17,44,85,58,70,74,76,84,75,4
150,1084,2001,24,GK,82,44,42,32,47,52,57,43,40,4
151,1085,2001,24,MC,18,38,87,60,63,88,74,88,79,4
152,1086,2001,24,MC,18,31,79,48,57,92,96,76,54,5
153,1087,2001,24,DC,18,82,44,32,86,79,81,51,38,6
154,1088,2001,24,AS,17,30,36,79,72,84,80,62,54,6
155,1089,2001,24,DL,17,78,48,32,67,80,83,68,49,7
156,1090,2001,24,DL,16,79,40,36,80,92,81,57,40,7
157,1091,2001,24,DC,15,71,37,31,65,73,78,52,40,7
158,1092,2001,24,GK,78,44,42,31,49,50,58,45,36,7
159,1093,2001,24,AS,16,33,38,80,68,79,80,64,46,8
160,1094,2001,24,DC,16,77,38,36,71,80,86,61,48,8
161,1095,2001,24,DC,16,77,37,35,72,87,80,54,43,8
162,1096,2001,24,AS,15,31,34,74,70,78,80,58,42,8
163,1097,2001,24,DR,15,73,32,30,67,73,84,55,42,8
164,1098,2001,24,DC,18,78,41,36,85,74,82,52,47,4
165,1099,2001,24,MC,17,46,79,37,64,73,97,60,50,5
166,1100,2001,24,MR,16,48,78,34,79,86,83,71,43,6
167,1101,2001,24,DC,16,78,38,30,83,72,76,50,48,7
168,1102,2001,24,DL,16,76,33,32,61,75,79,53,48,7
169,1103,2001,24,AS,15,32,36,72,62,76,82,59,42,8
170,1104,2001,6,AS,16,32,36,76,72,73,72,63,46,3
171,1105,2001,6,AS,18,31,38,82,78,86,79,62,46,4
172,1106,2001,6,AS,19,34,44,83,94,73,68,68,54,4
173,1107,2001,6,DR,18,84,48,31,78,83,88,60,44,4
174,1108,2001,6,AF,17,34,44,81,78,84,77,71,54,4
175,1109,2001,6,DC,18,83,42,36,85,78,87,54,42,4
176,1110,2001,6,DC,18,82,38,35,86,71,87,58,72,5
177,1111,2001,6,MR,18,30,82,50,66,80,83,83,68,5
178,1112,2001,6,GK,76,42,41,37,45,53,50,43,39,5
179,1113,2001,6,DL,18,82,45,34,82,84,96,56,60,5
180,1114,2001,6,MC,17,44,83,41,60,71,82,75,62,5
181,1115,2001,6,MC,16,49,81,33,78,84,86,61,44,6
182,1116,2001,6,ML,17,32,84,53,68,92,81,82,72,6
183,1117,2001,6,MC,18,53,82,30,73,75,80,63,53,6
184,1118,2001,6,DC,17,80,42,29,78,76,87,56,45,6
185,1119,2001,6,DL,18,81,40,37,73,70,84,63,56,6
186,1120,2001,6,MC,16,30,78,39,66,79,77,75,68,6
187,1121,2001,6,MC,18,53,84,30,85,70,82,58,43,6
188,142,2001,6,DR,16,81,38,30,85,71,78,51,43,7
189,1123,2001,6,GK,77,44,40,33,48,52,57,46,33,8
190,1124,2001,6,MC,18,61,83,43,69,82,93,72,68,8
191,135,2001,6,MC,16,38,79,47,68,83,78,69,57,8
192,280,2001,6,AF,15,36,43,73,80,92,82,73,57,10
193,1127,2001,25,DC,17,81,38,36,83,79,80,61,54,3
194,1128,2001,25,DL,17,78,40,33,65,79,84,54,47,3
195,1129,2001,25,GK,81,46,36,35,43,53,56,43,40,3
196,1130,2001,25,ML,18,47,81,45,61,77,83,63,90,4
197,1131,2001,25,MC,18,43,83,42,71,90,85,67,88,4
198,1132,2001,25,DC,18,81,39,31,84,78,86,66,47,4
199,1133,2001,25,AS,16,32,38,79,66,84,75,68,51,4
200,1134,2001,25,GK,84,47,42,30,45,54,58,44,32,4
201,1135,2001,25,GK,90,48,44,36,55,60,63,47,35,5
202,1136,2001,25,DC,19,85,42,30,90,88,93,55,39,5
203,1137,2001,25,MC,17,33,83,55,72,83,76,80,76,5
204,1138,2001,25,MC,16,40,84,52,77,82,86,90,74,6
205,1139,2001,25,AF,17,33,44,83,81,92,80,82,67,6
206,1140,2001,25,M,16,44,85,54,68,86,90,82,80,6
207,1141,2001,25,D,18,81,40,31,72,80,80,58,45,6
208,1142,2001,25,DC,18,83,47,34,88,83,79,63,47,7
209,1143,2001,25,DL,16,80,43,29,72,82,87,63,43,7
210,1144,2001,25,AF,15,30,34,76,80,81,85,67,49,7
211,1145,2001,25,MC,18,47,80,45,78,84,90,79,78,8
212,1146,2001,25,DC,19,77,38,34,79,84,73,60,49,8
213,1147,2001,25,M,17,41,86,62,78,92,84,83,71,9
214,1148,2001,25,AF,17,34,48,85,80,95,79,79,66,9
215,1149,2001,25,MC,17,46,87,72,79,84,83,88,81,9
216,1150,2001,26,GK,79,46,38,35,45,48,54,46,36,2
217,1151,2001,26,DC,18,80,37,37,82,70,74,59,79,2
218,1152,2001,26,MR,17,30,82,51,64,87,78,70,57,3
219,1153,2001,26,MC,18,36,79,48,61,69,82,72,69,4
220,1154,2001,26,DR,17,78,40,36,62,73,76,63,47,4
221,1155,2001,26,AS,17,32,40,84,72,79,78,67,48,5
222,1156,2001,26,ML,17,30,78,46,64,90,78,70,72,6
223,1157,2001,26,MC,17,45,85,42,80,80,92,74,67,6
224,1158,2001,26,DL,17,82,49,35,93,88,80,60,51,6
225,1159,2001,26,M,17,34,85,60,72,89,87,77,83,6
226,1160,2001,26,AS,18,33,40,83,80,89,79,64,47,7
227,1161,2001,26,MC,18,42,79,38,73,79,83,78,63,7
228,1162,2001,26,M,17,47,83,43,64,79,83,78,82,7
229,1163,2001,26,DL,16,48,79,31,68,79,77,73,79,7
230,1164,2001,26,GK,82,47,42,31,46,56,51,45,37,8
231,1165,2001,26,AF,16,31,43,81,72,83,80,69,62,8
232,1166,2001,26,DC,17,55,81,40,90,77,79,63,51,8
233,1167,2001,26,DC,16,80,42,34,89,83,84,60,45,8
234,52,2001,26,AS,16,32,40,80,78,90,80,68,58,9
235,1169,2001,26,M,15,41,79,44,68,87,79,74,61,10
236,1170,2001,26,DC,17,82,40,33,81,78,96,58,50,5
237,1171,2001,26,DL,16,82,38,36,57,77,82,52,52,5
238,1172,2001,26,D,17,79,47,42,68,79,81,62,60,6
239,1173,2001,26,AF,16,32,36,76,73,94,80,62,59,6
240,1174,2001,26,GK,84,50,43,36,49,50,53,46,40,6
241,1175,2001,26,DC,17,81,42,37,79,83,85,54,43,7
242,1176,2001,26,DC,17,79,37,37,86,70,77,50,39,7
243,1177,2001,27,GK,87,49,42,30,49,52,54,46,32,3
244,1178,2001,27,MC,19,60,87,40,68,75,77,59,48,3
245,1179,2001,27,DC,19,90,44,35,88,82,84,53,42,4
246,1180,2001,27,MR,17,35,84,52,65,84,90,70,68,4
247,1181,2001,27,DC,18,87,44,36,89,81,83,57,50,5
248,1182,2001,27,DL,18,86,52,39,84,83,85,59,50,6
249,1183,2001,27,DR,18,85,46,34,81,79,84,60,45,6
250,1184,2001,27,MC,17,70,86,39,80,82,87,67,45,6
251,1185,2001,27,DR,17,84,43,30,80,84,89,67,53,6
252,1186,2001,27,AS,18,37,46,91,88,79,82,80,68,7
253,1187,2001,27,MC,18,45,90,69,77,84,80,79,67,7
254,1188,2001,27,DL,18,87,57,38,77,84,82,60,83,7
255,1189,2001,27,MC,16,32,76,47,68,78,76,70,52,7
256,1190,2001,27,MC,18,44,85,56,68,86,88,82,75,8
257,1191,2001,27,AS,16,31,38,86,70,82,78,64,49,8
258,1192,2001,27,AF,16,37,50,89,65,85,83,80,62,8
259,1193,2001,27,MC,16,41,86,53,69,80,82,75,66,8
260,502,2001,27,DC,18,92,53,37,84,87,82,61,48,9
261,1195,2001,27,GK,85,47,42,38,47,56,61,46,32,9
262,1196,2001,27,AF,16,31,44,85,77,86,81,75,62,9
263,1197,2001,27,DC,17,92,50,36,83,85,88,58,49,10
264,1198,2001,27,AF,18,38,51,91,81,86,84,89,70,10
265,1199,2001,8,MC,16,58,89,33,68,78,84,67,49,2
266,1200,2001,8,GK,84,46,41,30,46,50,54,43,29,2
267,1201,2001,8,AF,17,30,35,84,74,85,80,68,50,2
268,1202,2001,8,GK,83,53,46,34,49,56,54,46,36,4
269,1203,2001,8,AS,17,32,34,79,60,71,76,57,42,4
270,1204,2001,8,DC,18,80,39,31,86,71,75,54,42,5
271,1205,2001,8,DC,17,87,40,36,82,80,82,63,54,5
272,1206,2001,8,DC,19,84,43,32,84,80,82,57,51,5
273,1207,2001,8,MC,18,48,82,32,70,79,75,76,68,5
274,1208,2001,8,MC,18,34,83,58,72,85,79,80,76,6
275,1209,2001,8,M,17,30,84,57,62,91,87,83,79,7
276,1210,2001,8,AS,16,31,44,79,63,92,85,61,44,7
277,1211,2001,8,MC,16,45,74,30,69,81,88,66,57,8
278,113,2001,8,DC,16,83,49,31,85,78,84,57,40,8
279,1213,2001,8,AS,15,30,33,72,66,79,74,60,51,8
280,1214,2001,8,ML,17,43,78,31,79,84,80,66,49,9
281,1215,2001,8,DC,18,81,45,36,80,65,83,58,54,3
282,1216,2001,8,GK,77,52,44,35,48,52,55,43,31,4
283,1217,2001,8,ML,17,31,80,46,62,71,74,52,48,5
284,1218,2001,8,MC,17,38,79,37,58,86,83,70,48,6
285,1219,2001,8,AF,18,33,44,82,83,79,85,66,57,7
286,1220,2001,8,DL,17,81,58,34,68,77,76,60,49,7
287,1221,2001,8,DL,17,83,40,35,62,89,87,58,64,7
288,1222,2001,8,ML,17,38,84,48,72,83,86,74,73,8
289,1223,2001,9,MC,18,42,89,53,71,69,72,81,82,3
290,1224,2001,9,GK,79,44,33,30,47,53,48,43,34,3
291,1225,2001,9,AF,18,46,75,93,78,82,80,96,72,5
292,1226,2001,9,DR,19,93,52,38,88,82,85,67,45,5
293,1227,2001,9,MC,19,30,90,49,70,79,77,90,81,5
294,1228,2001,9,MC,18,78,92,45,87,77,82,66,44,5
295,1229,2001,9,ML,17,30,83,53,65,88,83,82,67,5
296,1230,2001,9,GK,91,49,42,31,59,62,64,48,38,6
297,1231,2001,9,DC,18,92,47,38,90,79,83,64,49,6
298,1232,2001,9,ML,17,30,89,67,74,84,80,88,82,6
299,1233,2001,9,M,18,35,88,54,74,87,83,88,76,6
300,1234,2001,9,DC,19,90,52,43,90,80,83,68,59,6
301,1235,2001,9,GK,87,51,45,34,49,58,54,42,33,6
302,1236,2001,9,AS,19,38,75,95,87,86,83,80,68,7
303,1237,2001,9,M,18,44,87,64,73,84,86,82,75,7
304,1238,2001,9,AF,18,30,42,86,80,90,92,69,52,7
305,1239,2001,9,DC,17,48,83,30,70,79,78,66,49,7
306,1240,2001,9,DR,17,79,42,30,68,77,79,59,46,7
307,1241,2001,9,D,18,87,46,32,86,79,88,56,44,8
308,1242,2001,9,AS,16,39,52,97,90,93,92,84,80,8
309,1243,2001,9,DL,17,81,44,32,68,81,78,57,50,8
310,1244,2001,9,AS,15,31,37,78,86,81,78,68,57,8
311,1245,2001,9,DL,17,93,52,40,72,92,88,75,71,9
312,1246,2001,9,GK,86,48,45,35,46,55,56,44,34,9
313,226,2001,9,MC,19,52,92,75,80,87,90,93,81,10
314,1248,2001,9,AF,16,36,45,85,79,88,80,78,55,10
315,1249,2001,11,GK,84,46,38,30,43,47,50,45,28,1
316,1250,2001,11,DL,18,90,57,42,82,76,85,61,44,2
317,1251,2001,11,DC,19,95,47,39,92,72,76,47,34,3
318,1252,2001,11,DC,18,90,50,38,86,81,79,61,47,3
319,1253,2001,11,DC,17,87,42,33,80,71,73,57,43,3
320,1254,2001,11,AS,18,32,44,91,83,86,80,77,68,5
321,1255,2001,11,GK,97,58,52,42,55,62,58,52,40,6
322,1256,2001,11,MC,19,82,95,61,92,83,90,82,68,6
323,1257,2001,11,AS,19,39,46,93,87,90,79,78,65,6
324,1258,2001,11,DC,17,98,48,37,93,85,86,73,55,6
325,1259,2001,11,AF,18,34,43,89,82,80,84,76,62,6
326,1260,2001,11,MC,18,48,96,84,71,92,87,94,75,6
327,1261,2001,11,MC,17,54,88,37,82,79,80,70,53,6
328,1262,2001,11,DR,17,93,52,36,91,82,90,63,48,6
329,1263,2001,11,ML,17,49,83,33,79,86,88,72,54,6
330,1264,2001,11,GK,82,47,43,32,48,60,55,47,38,6
331,1265,2001,11,ML,21,45,98,83,79,96,89,91,85,7
332,1266,2001,11,MC,21,43,98,82,73,85,80,96,91,7
333,1267,2001,11,MR,20,46,98,82,82,87,90,95,93,7
334,1268,2001,11,AS,20,50,68,99,92,87,85,83,67,7
335,1269,2001,11,M,18,55,87,42,82,81,80,71,56,7
336,1270,2001,11,DL,17,90,47,33,85,93,90,69,45,7
337,354,2001,11,D,18,84,48,35,82,77,80,59,47,8
338,342,2001,11,D,18,82,46,34,78,81,84,53,44,8
339,1273,2001,11,AF,17,39,52,88,80,85,85,73,64,9
340,1274,2001,28,M,19,59,88,36,82,77,73,70,56,3
341,1275,2001,28,MC,17,54,80,32,84,83,85,64,59,3
342,1276,2001,28,DR,18,82,42,30,93,71,88,56,46,3
343,1277,2001,28,AF,19,30,33,79,72,68,69,65,57,3
344,1278,2001,28,GK,80,44,42,30,50,52,48,43,32,3
345,1279,2001,28,AS,17,30,38,78,67,85,75,64,47,3
346,1280,2001,28,AS,16,35,45,87,87,85,80,82,58,4
347,1281,2001,28,MR,17,37,79,40,65,68,84,70,70,4
348,1282,2001,28,DC,18,88,42,31,90,83,85,47,30,4
349,1283,2001,28,DC,17,91,43,30,88,80,81,60,45,5
350,1284,2001,28,MC,18,52,82,35,69,74,75,67,53,5
351,1285,2001,28,GK,86,49,45,36,45,52,54,44,37,5
352,1286,2001,28,DL,16,82,55,32,74,85,81,64,62,5
353,1287,2001,28,M,16,32,80,43,67,83,91,77,54,6
354,1288,2001,28,AF,17,31,37,84,70,86,78,68,54,6
355,1289,2001,28,AF,16,31,36,78,68,82,88,67,47,6
356,1290,2001,28,MC,18,38,80,41,69,76,82,71,55,6
357,1291,2001,28,MC,17,48,79,33,72,78,80,70,48,6
358,1292,2001,28,AS,17,32,37,79,68,81,76,59,45,7
359,1293,2001,28,AS,18,32,42,81,80,92,81,67,48,7
360,1294,2001,28,MC,17,34,78,49,69,82,80,83,66,8
361,1295,2001,28,DR,16,79,37,33,63,84,94,56,42,8
362,1296,2001,28,DC,16,78,38,30,67,78,82,55,46,8
363,1297,2001,28,MC,17,29,73,49,66,83,77,78,63,9
364,1298,2001,28,DC,15,72,49,30,71,76,73,64,47,9
365,440,2001,28,ML,16,37,80,47,67,90,82,74,70,10
366,1300,2001,12,DR,18,82,46,30,69,83,94,62,72,4
367,1301,2001,12,M,17,49,84,46,67,70,84,70,58,4
368,1302,2001,12,MC,17,45,90,44,78,80,82,78,71,5
369,1303,2001,12,AS,17,42,49,95,90,78,83,83,71,5
370,1304,2001,12,DC,16,83,40,36,95,78,88,61,42,5
371,1305,2001,12,DC,17,83,51,36,79,82,80,67,48,5
372,1306,2001,12,DL,16,83,55,34,74,79,82,57,48,5
373,1307,2001,12,MC,17,51,84,35,70,82,77,58,44,5
374,174,2001,12,GK,83,50,40,31,44,52,52,46,37,6
375,1309,2001,12,M,17,53,92,80,78,89,86,94,88,7
376,1310,2001,12,ML,18,48,94,84,79,93,85,93,87,7
377,54,2001,12,GK,88,52,38,27,48,55,58,46,38,7
378,1312,2001,12,AS,16,32,38,78,70,88,75,64,49,7
379,1313,2001,12,DR,16,76,38,36,66,78,82,57,44,7
380,1314,2001,12,M,15,35,78,32,67,77,72,65,46,7
381,1315,2001,12,DC,17,79,38,35,84,83,84,55,44,7
382,143,2001,12,DC,18,87,44,32,82,86,79,47,32,8
383,1317,2001,12,MR,17,42,85,53,68,91,82,79,70,8
384,1318,2001,12,DL,16,79,47,34,70,93,82,68,46,8
385,1319,2001,12,D,16,77,38,31,79,75,82,59,43,8
386,1320,2001,12,AF,16,32,42,80,71,91,80,82,67,8
387,1321,2001,12,AS,16,32,45,81,80,88,86,73,56,8
388,1322,2001,12,AS,16,32,39,75,72,84,78,72,53,8
389,1323,2001,12,MR,18,40,87,57,72,88,87,72,65,9
390,494,2001,12,MC,16,48,82,56,75,92,80,82,67,9
391,1325,2001,13,MR,17,31,80,43,75,76,79,70,62,3
392,1326,2001,13,MC,18,60,81,30,82,74,85,58,52,3
393,1327,2001,13,AF,18,32,65,88,71,82,80,91,86,3
394,1328,2001,13,DC,17,83,40,33,86,74,89,53,44,3
395,1329,2001,13,DR,18,88,47,33,85,81,82,68,62,4
396,1330,2001,13,AS,18,33,41,80,74,86,73,65,48,6
397,1331,2001,13,MC,18,48,81,43,82,78,88,59,48,6
398,1332,2001,13,AF,18,32,36,77,72,74,83,63,43,6
399,1333,2001,13,M,17,35,82,60,64,79,83,80,82,7
400,1334,2001,13,AF,19,38,64,82,65,83,83,76,67,7
401,1335,2001,13,AF,17,31,37,79,93,75,86,67,46,7
402,1336,2001,13,MC,19,34,82,40,63,78,82,75,75,7
403,1337,2001,13,AS,16,32,37,78,80,75,78,62,46,7
404,1338,2001,13,DC,16,75,38,36,70,74,87,57,46,7
405,406,2001,13,DR,15,71,38,28,66,77,79,61,46,7
406,1340,2001,13,ML,16,29,76,48,65,88,82,77,58,8
407,1341,2001,13,DL,16,77,39,31,78,83,88,64,57,9
408,1342,2001,13,MC,18,49,80,36,74,78,85,69,50,4
409,1343,2001,13,DC,18,81,40,37,84,76,77,54,43,4
410,1344,2001,13,MC,17,42,81,43,66,72,81,76,72,4
411,1345,2001,13,DR,16,80,47,39,79,83,97,60,64,5
412,1346,2001,13,MR,17,47,83,37,84,85,87,72,53,5
413,1347,2001,13,DC,18,82,38,37,84,80,85,53,42,5
414,1348,2001,13,GK,76,47,45,32,48,57,52,46,32,6
415,1349,2001,14,AF,17,32,36,85,71,72,74,68,57,2
416,1350,2001,14,MC,19,57,85,36,86,72,84,67,43,3
417,1351,2001,14,MR,17,38,82,46,67,78,80,75,69,4
418,1352,2001,14,AS,17,32,37,80,72,77,77,63,50,4
419,1353,2001,14,DC,18,80,47,30,82,84,80,59,46,5
420,1354,2001,14,DC,18,79,40,36,80,83,76,53,44,5
421,1355,2001,14,MC,18,38,89,60,68,86,83,90,79,5
422,1356,2001,14,AS,18,34,44,88,82,83,87,70,53,6
423,1357,2001,14,DL,18,82,46,31,69,84,80,71,72,6
424,1358,2001,14,DC,17,83,38,35,88,78,83,59,46,6
425,1359,2001,14,GK,79,42,39,34,44,56,59,46,36,6
426,480,2001,14,GK,84,51,44,36,54,58,62,47,38,7
427,1361,2001,14,ML,17,30,78,46,58,82,87,67,59,7
428,1362,2001,14,MR,16,36,84,47,54,79,72,83,76,7
429,1363,2001,14,MC,16,45,78,31,69,78,84,65,49,8
430,1364,2001,14,AS,16,30,38,76,71,77,73,61,48,8
431,1365,2001,14,D,16,73,38,31,77,75,84,57,40,8
432,1366,2001,14,AS,15,30,34,72,67,81,76,68,40,8
433,1367,2001,14,AF,15,30,39,78,67,88,79,76,50,8
434,1368,2001,14,MC,15,30,73,32,60,76,83,60,47,8
435,1369,2001,14,DL,16,83,42,36,78,84,87,71,67,10
436,1370,2001,14,MC,18,49,78,30,80,90,83,69,58,10
437,1371,2001,14,DR,17,77,44,42,78,82,86,62,46,7
438,1372,2001,14,DR,17,78,38,38,74,79,85,53,48,7
439,1373,2001,16,AS,19,31,40,87,80,89,81,66,55,2
440,1374,2001,16,AF,18,35,60,86,78,70,73,84,77,3
441,1375,2001,16,GK,83,45,39,31,47,53,55,47,34,3
442,1376,2001,16,MC,16,55,86,29,65,69,75,63,48,3
443,1377,2001,16,MC,17,39,91,79,76,81,82,92,81,4
444,1378,2001,16,GK,87,47,40,32,46,58,59,46,31,4
445,1379,2001,16,MC,19,32,86,59,58,80,81,83,72,4
446,1380,2001,16,AS,17,30,39,84,78,92,79,64,54,4
447,1381,2001,16,DL,18,90,59,43,80,85,86,66,47,4
448,1382,2001,16,MC,18,54,88,41,79,73,77,75,67,5
449,1383,2001,16,D,18,83,47,31,70,85,88,70,55,5
450,1384,2001,16,DC,17,81,40,36,79,83,77,50,42,5
451,1385,2001,16,DL,18,82,43,30,87,73,70,53,46,5
452,1386,2001,16,M,17,46,88,54,70,82,87,90,74,6
453,1387,2001,16,DC,18,87,46,32,81,78,74,56,50,6
454,1388,2001,16,AF,18,37,50,90,82,85,80,77,60,6
455,1389,2001,16,DC,19,87,44,33,85,82,84,62,47,6
456,1390,2001,16,AF,17,35,46,86,79,83,81,70,52,6
457,1391,2001,16,DR,18,84,49,31,74,86,82,66,53,7
458,1392,2001,16,MC,17,34,81,43,72,80,84,71,63,7
459,1393,2001,16,DC,16,84,40,29,88,75,80,55,42,7
460,1394,2001,16,MC,17,39,87,52,62,88,83,80,73,8
461,1395,2001,16,DC,16,74,38,30,82,80,73,58,43,8
462,1396,2001,16,DC,18,81,47,36,86,85,88,66,49,8
463,1397,2001,16,DC,17,83,44,36,85,90,92,68,47,9
464,1398,2001,16,ML,17,34,78,54,70,88,77,81,78,9
465,1399,2001,18,MC,17,44,82,42,60,68,71,62,65,2
466,1400,2001,18,GK,78,46,42,31,45,53,59,47,36,2
467,1401,2001,18,DL,18,88,50,37,86,76,78,66,51,3
468,1402,2001,18,GK,87,52,43,29,45,57,49,47,37,3
469,1403,2001,18,AF,18,35,44,82,83,77,73,70,58,3
470,1404,2001,18,MC,19,33,87,50,79,71,73,78,63,3
471,1405,2001,18,DL,17,78,39,32,59,70,78,55,50,3
472,1406,2001,18,AF,17,35,54,89,80,82,76,90,88,4
473,1407,2001,18,GK,84,47,40,31,48,51,53,44,33,4
474,1408,2001,18,AF,18,36,46,82,73,90,80,75,61,5
475,1409,2001,18,DC,18,84,39,35,82,76,77,54,49,5
476,1410,2001,18,M,17,32,85,55,68,91,79,82,73,6
477,1411,2001,18,DR,17,80,44,29,79,75,77,59,45,6
478,1412,2001,18,MC,17,34,78,36,62,74,83,64,55,6
479,1413,2001,18,DC,17,80,40,34,89,80,92,53,42,6
480,1414,2001,18,DL,17,82,43,34,77,84,88,55,68,6
481,1415,2001,18,DR,17,81,38,37,85,81,84,58,42,6
482,1416,2001,18,DC,17,83,48,35,81,84,90,50,39,6
483,1417,2001,18,DC,18,80,38,35,78,69,86,57,44,7
484,1418,2001,18,AS,18,35,46,87,80,92,81,73,61,7
485,1419,2001,18,GK,75,48,44,31,43,56,49,46,32,8
486,1420,2001,18,AS,17,31,37,74,67,76,68,63,41,8
487,1421,2001,18,DC,18,79,42,33,73,83,76,60,42,8
488,259,2001,18,MC,17,51,82,36,80,76,83,70,59,9
489,1423,2001,18,AS,16,32,44,85,79,91,82,72,60,9
490,46,2001,18,ML,16,37,83,51,70,87,79,85,69,10
491,1,2014,1,DR,16,88,62,53,70,82,85,70,62,8
492,2,2014,1,DC,17,89,53,47,84,72,75,58,46,6
493,3,2014,1,AF,17,43,65,85,65,94,77,71,60,6
494,4,2014,1,AS,17,49,64,87,61,86,83,72,61,6
495,5,2014,1,MC,16,51,85,36,79,86,82,69,56,8
496,6,2014,1,DL,17,86,64,52,78,78,73,71,70,6
497,7,2014,1,MC,17,65,89,72,73,78,80,88,79,6
498,8,2014,1,M,17,51,95,82,83,86,80,95,88,7
499,9,2014,1,AS,17,48,57,82,72,93,81,76,69,8
500,10,2014,1,DC,15,77,38,29,70,85,81,57,45,8
501,11,2014,1,D,17,80,51,39,81,75,77,73,70,8
502,12,2014,1,M,17,48,88,70,69,82,80,83,75,8
503,13,2014,1,MC,18,69,92,79,80,82,80,89,80,5
504,14,2014,1,MC,18,55,90,77,70,73,73,80,80,5
505,15,2014,1,DC,18,87,63,49,74,80,79,65,58,6
506,16,2014,1,AS,18,54,69,90,68,78,77,80,72,6
507,17,2014,1,MR,18,48,92,77,88,76,72,86,85,6
508,18,2014,1,AS,18,52,63,84,59,90,83,76,58,8
509,19,2014,1,DR,18,88,67,50,75,78,74,70,66,7
510,20,2014,1,DL,18,85,64,56,74,88,80,77,71,7
511,21,2014,1,AS,18,50,79,93,85,90,82,85,78,7
512,22,2014,1,MC,18,62,91,75,69,72,70,90,80,7
513,23,2014,1,M,18,64,89,75,78,82,77,85,80,7
514,24,2014,1,MC,19,75,88,51,75,83,85,69,52,6
515,25,2014,1,GK,84,52,43,39,57,64,60,53,40,7
516,26,2014,1,GK,87,53,41,33,55,63,67,49,37,7
517,27,2014,1,AS,17,48,54,87,62,90,80,81,72,7
518,28,2014,1,GK,80,47,44,31,41,58,60,43,31,9
519,29,2014,2,AF,16,32,36,81,72,78,83,67,53,6
520,30,2014,2,MR,16,35,82,59,62,84,76,74,59,7
521,31,2014,2,M,16,39,80,45,70,83,84,79,75,7
522,32,2014,2,DC,17,82,52,39,82,77,72,61,55,5
523,33,2014,2,DL,17,78,48,33,72,87,75,72,61,5
524,34,2014,2,DC,17,81,49,38,82,70,72,64,52,6
525,35,2014,2,AF,17,48,54,83,77,86,80,82,71,6
526,36,2014,2,DC,17,77,43,35,76,82,80,65,48,7
527,37,2014,2,ML,15,32,72,35,58,84,82,68,49,9
528,38,2014,2,MC,17,32,77,53,62,79,82,72,54,7
529,39,2014,2,DL,17,80,56,31,70,82,80,69,57,7
530,40,2014,2,MC,17,58,77,41,69,77,78,74,63,7
531,41,2014,2,MC,17,60,82,46,70,86,82,72,64,7
532,42,2014,2,AF,17,38,47,84,72,91,83,77,69,7
533,43,2014,2,MR,17,57,80,42,70,89,83,74,62,8
534,44,2014,2,DR,18,77,38,33,70,77,77,53,40,4
535,45,2014,2,MC,18,55,81,37,78,88,94,76,53,5
536,46,2014,2,MC,18,52,85,68,67,80,70,92,83,5
537,47,2014,2,DL,18,86,63,48,69,90,85,68,53,6
538,48,2014,2,M,18,43,80,59,66,88,90,79,70,6
539,49,2014,2,DC,18,55,81,38,77,78,76,67,52,7
540,50,2014,2,DL,18,78,43,32,67,80,90,67,64,7
541,51,2014,2,DC,18,76,38,28,72,90,76,58,51,8
542,52,2014,2,AF,19,52,69,83,68,82,79,78,73,6
543,53,2014,2,GK,84,49,42,33,49,80,72,52,41,5
544,54,2014,2,GK,87,50,45,32,48,61,64,53,43,2
545,55,2014,3,MC,15,29,77,44,66,71,84,70,47,5
546,56,2014,3,DL,15,74,38,29,68,75,79,62,43,6
547,57,2014,3,ML,16,43,79,58,61,75,73,75,71,4
548,58,2014,3,MR,16,30,78,54,69,79,86,75,64,5
549,59,2014,3,AF,16,32,40,78,71,75,78,70,54,6
550,60,2014,3,AF,16,32,35,76,71,73,80,62,55,6
551,61,2014,3,DC,16,73,38,37,70,81,77,63,44,7
552,62,2014,3,AS,16,33,46,77,73,81,78,69,53,8
553,63,2014,3,AF,16,35,39,78,66,79,83,61,54,6
554,64,2014,3,MC,16,33,76,48,61,76,75,62,49,4
555,65,2014,3,DC,16,80,38,34,82,71,78,55,43,4
556,66,2014,3,DC,17,77,38,34,71,70,73,63,50,2
557,67,2014,3,DR,17,79,52,35,71,83,85,70,49,4
558,68,2014,3,AS,17,32,39,75,72,86,73,67,49,6
559,69,2014,3,DR,17,77,38,34,81,74,74,59,47,7
560,70,2014,3,DR,17,76,38,33,68,79,77,62,44,8
561,71,2014,3,M,17,46,79,43,65,81,86,69,63,5
562,72,2014,3,DL,17,79,43,34,72,81,78,68,50,6
563,73,2014,3,MR,18,50,76,37,72,84,79,70,54,5
564,74,2014,3,GK,73,39,32,29,48,60,56,42,30,6
565,75,2014,3,GK,77,49,42,36,52,58,60,29,34,4
566,76,2014,3,GK,79,43,36,31,49,58,64,46,32,5
567,77,2014,3,ML,16,34,81,64,60,83,87,72,57,6
568,78,2014,4,MC,16,54,88,77,62,80,85,82,83,7
569,79,2014,4,DC,16,81,42,34,80,92,83,50,38,9
570,80,2014,4,MC,16,64,82,62,71,82,80,83,72,9
571,81,2014,4,DR,17,88,63,52,85,79,79,76,69,5
572,82,2014,4,DC,17,90,68,45,84,79,78,64,58,6
573,83,2014,4,DL,17,79,62,50,71,87,75,75,68,6
574,84,2014,4,MC,17,73,87,58,80,77,75,74,70,6
575,85,2014,4,MR,17,58,87,74,79,85,81,71,72,6
576,86,2014,4,MC,17,53,88,79,71,83,75,85,87,6
577,87,2014,4,DR,17,89,70,58,73,80,87,80,62,7
578,88,2014,4,DL,17,89,71,59,73,82,81,72,73,7
579,89,2014,4,AF,17,59,66,87,71,78,77,75,80,7
580,90,2014,4,DC,17,85,51,40,81,91,86,53,49,8
581,91,2014,4,M,17,43,84,69,76,93,83,80,69,8
582,92,2014,4,MC,17,63,87,60,72,77,74,83,76,9
583,93,2014,4,AS,18,63,72,92,73,83,80,87,79,6
584,94,2014,4,MC,18,66,95,82,72,82,82,94,88,7
585,95,2014,4,ML,18,49,96,82,85,90,87,97,83,8
586,96,2014,4,AS,19,62,73,95,85,76,78,85,75,4
587,97,2014,4,MC,19,71,89,63,65,80,82,84,74,6
588,98,2014,4,AS,19,57,82,97,90,88,83,81,78,7
589,99,2014,4,DC,20,96,65,49,90,75,77,62,55,4
590,100,2014,4,GK,94,60,45,38,42,69,68,31,39,5
591,101,2014,4,GK,97,61,48,40,48,73,72,38,39,8
592,102,2014,4,AS,18,33,47,87,80,88,85,73,61,6
593,103,2014,5,DL,16,75,38,29,78,89,82,64,46,8
594,104,2014,5,MC,15,39,74,46,64,80,87,69,50,7
595,105,2014,5,AS,16,38,44,77,70,82,80,71,63,6
596,106,2014,5,AS,16,31,42,77,71,89,79,68,50,7
597,107,2014,5,DC,16,77,37,34,72,78,86,57,48,4
598,108,2014,5,AS,16,34,41,80,76,75,82,67,50,4
599,109,2014,5,MC,16,53,76,32,68,77,79,69,48,5
600,110,2014,5,MR,16,31,78,55,65,89,81,73,60,5
601,111,2014,5,DR,16,75,40,33,61,74,75,59,47,6
602,112,2014,5,DC,16,80,49,36,79,70,75,61,47,4
603,113,2014,5,DC,16,81,37,37,78,70,72,54,47,5
604,114,2014,5,AF,17,37,44,79,77,72,75,61,58,4
605,115,2014,5,DC,17,85,54,41,83,77,74,70,65,4
606,116,2014,5,DR,17,80,47,32,85,88,76,57,42,5
607,117,2014,5,MC,17,49,77,32,67,77,75,60,44,5
608,118,2014,5,MR,17,35,80,57,66,87,79,68,57,5
609,119,2014,5,ML,17,29,81,61,67,89,80,71,58,5
610,120,2014,5,AS,17,38,43,82,74,89,81,66,61,5
611,121,2014,5,DC,17,79,42,37,76,79,74,63,49,6
612,122,2014,5,M,17,39,81,65,75,90,92,81,72,6
613,123,2014,5,DR,17,83,50,41,70,79,84,65,61,7
614,124,2014,5,M,17,32,78,55,59,82,83,70,65,8
615,125,2014,5,MC,17,56,79,35,73,79,85,63,49,6
616,126,2014,5,MC,17,39,81,54,68,80,84,73,69,6
617,127,2014,5,GK,72,37,36,32,46,61,60,44,28,4
618,128,2014,5,GK,80,49,38,31,45,69,72,47,32,6
619,129,2014,5,GK,81,48,35,31,49,62,59,45,33,3
620,130,2014,5,MC,16,44,79,31,69,81,84,70,52,6
621,131,2014,6,AS,16,33,46,78,72,85,82,69,49,5
622,132,2014,6,ML,16,51,83,69,69,83,73,78,78,6
623,133,2014,6,MC,16,60,83,48,71,82,87,80,77,7
624,134,2014,6,AS,16,47,56,85,76,93,86,84,73,9
625,135,2014,6,MR,17,59,82,52,71,77,78,80,72,4
626,136,2014,6,MC,17,50,85,62,76,86,82,84,88,4
627,137,2014,6,DC,17,78,46,33,72,70,81,63,49,5
628,138,2014,6,MC,17,53,81,41,72,74,83,65,53,6
629,139,2014,6,DR,17,80,50,32,70,82,85,71,54,6
630,140,2014,6,MR,17,32,80,47,68,85,89,74,69,6
631,141,2014,6,DL,17,85,64,52,70,85,89,79,72,6
632,142,2014,6,DR,18,82,50,37,83,70,72,70,69,4
633,143,2014,6,DC,18,82,61,48,82,76,78,75,54,5
634,144,2014,6,MC,18,58,85,61,73,72,74,70,70,5
635,145,2014,6,AF,18,34,48,82,84,76,75,70,61,6
636,146,2014,6,MR,18,48,87,69,61,85,80,82,75,6
637,147,2014,6,DC,18,80,58,41,73,77,83,62,60,8
638,148,2014,6,MC,18,56,84,55,74,84,88,81,70,8
639,149,2014,6,MC,18,55,83,58,72,80,78,73,72,8
640,150,2014,6,DC,19,86,62,50,79,74,72,70,67,5
641,151,2014,6,GK,75,43,36,30,51,59,58,44,31,6
642,152,2014,6,GK,84,51,43,32,45,66,75,52,31,3
643,153,2014,6,AF,18,45,70,87,64,84,78,79,81,4
644,154,2014,7,M,15,41,79,53,67,91,84,75,69,7
645,155,2014,7,DL,15,76,38,33,69,79,84,62,44,8
646,156,2014,7,DC,16,76,37,31,76,79,81,57,46,6
647,157,2014,7,DC,16,79,41,36,78,72,81,63,49,6
648,158,2014,7,AS,16,32,47,80,90,78,82,72,60,6
649,159,2014,7,DC,16,78,45,35,76,72,75,69,61,6
650,160,2014,7,AS,16,38,46,78,70,87,82,72,64,6
651,161,2014,7,MC,16,62,80,45,79,74,75,71,66,6
652,162,2014,7,M,16,43,77,54,66,84,86,78,67,8
653,163,2014,7,AS,16,37,39,78,63,88,76,68,52,6
654,164,2014,7,DC,17,78,46,31,76,73,75,59,46,5
655,165,2014,7,DL,17,78,44,32,67,90,84,68,50,5
656,166,2014,7,M,17,40,79,44,61,83,86,78,70,6
657,167,2014,7,MC,17,54,80,73,70,72,75,82,71,6
658,168,2014,7,MR,17,43,78,57,68,82,77,74,71,6
659,169,2014,7,AS,17,37,41,73,71,82,79,68,57,8
660,170,2014,7,MR,17,53,80,42,63,82,83,70,61,6
661,171,2014,7,DR,19,77,42,29,72,79,74,62,43,6
662,172,2014,7,GK,77,43,36,30,43,58,67,42,27,4
663,173,2014,7,GK,79,48,34,30,44,55,65,43,32,5
664,174,2014,7,GK,81,50,42,33,41,52,68,42,31,2
665,175,2014,7,MC,17,56,81,37,74,85,87,68,48,6
666,176,2014,7,AF,16,34,39,80,77,80,83,64,53,7
667,177,2014,7,DC,15,70,31,27,63,79,82,46,39,8
668,178,2014,8,AF,15,29,32,67,60,78,83,58,39,7
669,179,2014,8,AS,15,32,40,78,68,83,81,67,48,8
670,180,2014,8,DC,15,73,42,33,70,81,75,66,58,8
671,181,2014,8,ML,15,38,75,61,63,83,77,74,68,8
672,182,2014,8,AS,16,34,42,77,75,79,85,69,56,6
673,183,2014,8,MR,16,43,79,57,58,82,88,74,67,6
674,184,2014,8,M,16,44,78,60,63,83,84,79,64,8
675,185,2014,8,DL,16,80,42,35,79,92,87,76,62,8
676,186,2014,8,DC,17,79,44,35,78,74,75,67,60,3
677,187,2014,8,MC,17,56,83,30,83,70,78,70,58,3
678,188,2014,8,MR,17,38,78,61,61,79,81,75,68,4
679,189,2014,8,AS,17,34,40,79,74,77,80,69,62,5
680,190,2014,8,AS,17,35,38,81,73,82,78,63,59,6
681,191,2014,8,M,17,41,77,42,65,81,83,73,64,7
682,192,2014,8,DC,17,79,40,32,76,86,76,57,42,5
683,193,2014,8,DR,18,80,52,41,82,85,82,72,55,7
684,194,2014,8,DL,19,83,52,43,78,76,75,69,52,4
685,195,2014,8,GK,75,39,33,32,46,63,58,42,28,5
686,196,2014,8,GK,79,51,46,33,47,63,75,49,37,6
687,197,2014,8,MC,17,51,81,34,72,75,80,64,45,5
688,198,2014,8,MC,16,44,76,41,62,80,77,65,51,7
689,199,2014,8,M,16,48,79,43,64,79,82,68,50,6
690,200,2014,8,GK,80,43,37,31,48,61,67,40,27,6
691,201,2014,8,DC,15,72,40,39,69,82,78,62,46,7
692,202,2014,8,DC,17,78,38,37,83,74,72,56,42,4
693,203,2014,8,MR,16,30,73,42,58,86,82,59,51,7
694,204,2014,8,DR,17,79,40,37,72,81,84,67,48,6
695,205,2014,9,D,16,78,48,34,66,85,77,69,64,8
696,206,2014,9,DR,16,82,49,35,74,75,79,71,65,8
697,207,2014,9,AS,16,45,53,83,76,85,82,78,72,9
698,208,2014,9,M,16,48,85,70,83,88,80,72,70,9
699,209,2014,9,AS,17,51,63,84,82,70,71,68,70,4
700,210,2014,9,DC,17,91,65,57,88,74,73,70,62,5
701,211,2014,9,DR,17,87,69,48,71,86,85,73,67,6
702,212,2014,9,AF,17,39,49,84,73,79,85,79,71,6
703,213,2014,9,ML,17,61,87,74,72,81,75,83,80,6
704,214,2014,9,DC,17,87,59,44,85,83,80,69,63,7
705,215,2014,9,AF,17,49,59,81,64,80,76,77,70,7
706,216,2014,9,M,17,51,87,72,70,80,75,87,81,8
707,217,2014,9,MC,17,62,85,44,70,81,88,73,74,9
708,218,2014,9,DL,17,86,58,46,72,88,90,65,58,8
709,219,2014,9,DL,18,87,50,38,72,79,86,69,50,5
710,220,2014,9,DC,18,90,67,53,83,85,82,60,66,5
711,221,2014,9,MC,18,60,86,62,61,74,70,77,71,6
712,222,2014,9,AS,18,53,71,88,72,86,88,73,70,7
713,223,2014,9,MC,18,71,87,73,74,79,80,74,78,8
714,224,2014,9,MC,18,46,85,60,74,79,83,85,78,8
715,225,2014,9,M,18,45,85,63,68,87,83,80,80,10
716,226,2014,9,MC,19,70,97,79,83,78,76,83,95,5
717,227,2014,9,DC,19,87,58,39,79,78,80,69,61,7
718,228,2014,9,GK,80,51,39,30,37,61,68,38,35,4
719,229,2014,9,GK,88,54,47,34,43,65,71,36,35,7
720,230,2014,9,AS,18,41,60,95,82,95,80,88,79,7
721,231,2014,10,DR,17,88,67,56,82,86,82,78,68,6
722,232,2014,10,MR,17,43,83,61,68,89,75,72,69,6
723,233,2014,10,DL,17,89,68,60,63,83,80,78,70,6
724,234,2014,10,ML,17,60,88,76,85,82,77,72,82,7
725,235,2014,10,DR,18,90,66,59,80,80,80,75,70,5
726,236,2014,10,DC,18,90,58,42,87,83,73,70,55,6
727,237,2014,10,DR,18,87,65,52,77,83,80,75,61,6
728,238,2014,10,MC,18,68,90,49,77,78,82,73,68,6
729,239,2014,10,DL,18,88,62,48,70,80,90,70,69,6
730,240,2014,10,AS,18,60,72,93,72,80,78,75,70,6
731,241,2014,10,MC,18,78,89,63,62,73,75,83,73,6
732,242,2014,10,MC,18,59,87,69,61,72,73,80,76,6
733,243,2014,10,AF,18,58,64,88,66,79,75,72,71,7
734,244,2014,10,M,18,57,93,80,76,89,83,92,83,7
735,245,2014,10,MR,18,53,94,80,77,83,80,93,83,7
736,246,2014,10,DC,18,86,53,42,82,90,87,69,49,8
737,247,2014,10,DC,18,87,63,49,82,85,75,70,61,8
738,248,2014,10,DC,18,86,51,39,82,86,82,71,53,9
739,249,2014,10,DC,19,86,61,47,89,72,74,69,65,4
740,250,2014,10,MC,19,77,96,82,71,88,85,84,70,5
741,251,2014,10,AS,19,59,75,94,88,83,85,90,76,6
742,252,2014,10,M,19,54,96,83,81,92,88,95,91,7
743,253,2014,10,AF,20,68,82,97,77,85,83,83,75,8
744,254,2014,10,GK,84,52,44,36,45,63,66,37,32,3
745,255,2014,10,GK,89,52,44,37,41,62,66,38,34,5
746,256,2014,10,GK,90,58,47,33,48,68,65,36,36,6
747,257,2014,11,DL,15,78,38,31,67,88,82,60,46,8
748,258,2014,11,MC,16,32,82,64,69,82,86,76,57,9
749,259,2014,11,MC,17,79,91,55,62,72,74,78,63,5
750,260,2014,11,MC,17,44,87,60,62,86,88,90,68,6
751,261,2014,11,MC,17,58,89,41,68,82,87,69,58,8
752,262,2014,11,MC,17,69,85,60,62,72,70,70,71,6
753,263,2014,11,MR,17,42,90,69,79,90,84,76,67,6
754,264,2014,11,MC,17,65,90,62,83,75,76,78,74,7
755,265,2014,11,ML,17,52,93,75,83,75,77,93,88,7
756,266,2014,11,M,17,38,83,56,60,90,76,81,66,8
757,267,2014,11,AS,17,46,55,86,65,83,83,79,70,9
758,268,2014,11,MC,18,70,86,59,63,69,73,72,70,6
759,269,2014,11,MC,18,72,89,61,62,69,65,78,72,6
760,270,2014,11,DC,18,86,59,48,79,83,79,67,62,7
761,271,2014,11,DC,18,90,64,52,79,78,77,66,66,7
762,272,2014,11,DR,18,88,62,54,69,88,84,79,71,7
763,273,2014,11,AS,18,62,78,97,75,83,80,87,74,5
764,274,2014,11,MR,16,47,89,72,79,92,71,77,70,7
765,275,2014,11,AF,18,54,74,89,77,84,84,73,78,7
766,276,2014,11,DL,18,86,72,62,75,88,82,72,63,9
767,277,2014,11,DC,18,89,64,50,78,77,74,63,62,6
768,278,2014,11,M,18,47,96,65,62,92,86,93,78,7
769,279,2014,11,M,17,42,91,82,70,92,80,90,72,6
770,280,2014,11,AF,19,67,80,97,82,87,88,80,85,7
771,281,2014,11,GK,73,43,36,28,42,59,68,43,27,7
772,282,2014,11,GK,85,54,42,34,41,63,64,35,30,4
773,283,2014,11,GK,91,58,43,34,42,68,70,34,35,7
774,284,2014,11,DC,18,90,47,36,82,85,80,62,54,7
775,285,2014,12,MR,18,43,84,70,69,85,82,89,83,7
776,286,2014,12,M,15,34,84,62,62,82,79,83,70,7
777,287,2014,12,AF,15,32,41,78,67,82,73,70,58,8
778,288,2014,12,DL,15,76,49,34,70,92,86,73,65,8
779,289,2014,12,DC,16,80,39,36,81,72,82,64,53,6
780,290,2014,12,MC,16,35,81,62,64,81,88,73,57,6
781,291,2014,12,MC,16,52,79,34,75,92,86,67,48,7
782,292,2014,12,AF,16,32,38,82,74,81,88,75,62,7
783,293,2014,12,DC,17,83,58,45,78,81,74,75,69,5
784,294,2014,12,MC,17,53,82,42,67,80,79,69,58,6
785,295,2014,12,M,17,34,81,56,58,85,82,72,65,6
786,296,2014,12,ML,17,31,82,65,66,82,88,79,72,6
787,297,2014,12,DC,17,80,42,31,79,87,79,59,45,7
788,298,2014,12,MC,17,49,81,47,76,86,91,66,48,7
789,299,2014,12,D,17,83,69,50,78,82,80,73,65,8
790,300,2014,12,DC,18,79,39,37,77,70,83,62,49,5
791,301,2014,12,DR,18,85,52,39,86,77,79,61,53,6
792,302,2014,12,MC,18,68,82,47,78,83,89,77,69,6
793,303,2014,12,AF,18,51,65,81,65,82,78,79,71,6
794,304,2014,12,M,18,53,87,76,78,79,75,70,83,6
795,305,2014,12,GK,79,43,34,31,47,57,55,43,35,5
796,306,2014,12,GK,77,40,38,30,46,60,61,41,33,8
797,307,2014,12,GK,86,51,49,35,39,63,59,47,36,6
798,308,2014,12,DC,15,72,40,29,72,82,78,52,44,8
799,309,2014,13,DR,15,72,38,34,65,72,77,64,50,8
800,310,2014,13,DL,15,76,39,35,68,79,82,69,51,8
801,311,2014,13,AS,15,27,33,69,59,78,84,55,49,8
802,312,2014,13,MC,16,42,80,48,70,74,80,68,52,5
803,313,2014,13,DC,16,74,37,34,71,79,80,63,46,6
804,314,2014,13,AS,16,32,36,77,69,89,82,69,50,7
805,315,2014,13,MC,16,58,79,43,75,80,81,75,65,7
806,316,2014,13,ML,16,42,83,60,72,85,79,79,74,7
807,317,2014,13,M,16,57,83,53,68,82,78,80,69,8
808,318,2014,13,M,16,38,78,63,68,82,79,72,69,8
809,319,2014,13,DC,17,80,40,36,84,71,74,60,46,4
810,320,2014,13,DC,17,78,45,31,76,74,82,49,40,5
811,321,2014,13,AS,17,36,48,83,80,71,73,64,52,6
812,322,2014,13,AF,17,34,42,83,73,81,76,70,53,6
813,323,2014,13,DC,17,82,45,29,78,83,87,68,54,6
814,324,2014,13,AF,17,32,42,83,73,84,81,74,62,6
815,325,2014,13,DR,17,74,38,35,70,88,92,67,47,7
816,326,2014,13,MC,17,67,85,51,82,80,84,76,69,8
817,327,2014,13,MC,17,61,82,47,72,89,84,82,71,8
818,328,2014,13,AF,18,34,45,83,78,80,80,72,65,6
819,329,2014,13,GK,78,42,35,34,50,56,58,43,34,2
820,330,2014,13,GK,74,42,37,31,43,60,63,46,29,8
821,331,2014,13,GK,84,51,47,33,43,57,69,39,29,4
822,332,2014,13,GK,85,50,42,34,42,66,73,47,29,6
823,333,2014,13,AF,17,33,51,81,65,88,84,70,48,7
824,334,2014,14,MR,15,32,70,45,61,81,75,70,58,8
825,335,2014,14,AS,16,35,48,78,75,88,76,72,59,6
826,336,2014,14,DL,16,81,43,38,67,82,85,65,48,7
827,337,2014,14,MC,16,45,75,37,78,81,80,74,61,7
828,338,2014,14,M,16,33,73,43,61,82,79,68,49,9
829,339,2014,14,MC,16,55,78,33,72,86,84,65,47,6
830,340,2014,14,MC,16,34,77,53,72,79,83,70,51,6
831,341,2014,14,DC,16,78,41,37,79,74,75,58,43,6
832,342,2014,14,D,17,81,51,39,78,72,75,68,58,4
833,343,2014,14,MC,17,63,79,47,79,71,74,68,60,6
834,344,2014,14,MR,17,42,81,60,62,82,83,75,62,6
835,345,2014,14,AS,17,37,48,77,69,77,75,70,64,6
836,346,2014,14,MR,17,32,78,55,63,79,84,74,70,6
837,347,2014,14,MR,17,44,84,61,67,80,83,88,79,6
838,348,2014,14,MC,17,58,79,32,78,83,79,59,47,7
839,349,2014,14,ML,17,36,79,56,60,86,79,72,58,7
840,350,2014,14,MC,17,70,87,61,82,74,84,74,71,7
841,351,2014,14,AF,17,38,43,82,75,82,85,70,56,8
842,352,2014,14,AS,17,34,40,79,77,72,79,60,46,5
843,353,2014,14,DR,17,80,41,36,68,84,79,63,52,6
844,354,2014,14,DC,18,81,41,35,85,72,70,64,45,4
845,355,2014,14,GK,77,47,40,28,47,59,66,46,35,6
846,356,2014,14,GK,80,44,37,33,46,61,62,47,33,7
847,357,2014,15,ML,15,51,79,67,69,80,77,75,77,5
848,358,2014,15,DL,15,69,39,30,59,79,78,57,49,8
849,359,2014,15,DL,15,77,37,36,71,75,76,58,43,6
850,360,2014,15,DR,16,77,40,27,62,79,86,60,49,4
851,361,2014,15,DC,16,79,41,32,81,75,77,58,44,5
852,362,2014,15,MC,16,60,78,41,73,80,88,68,49,6
853,363,2014,15,ML,16,32,79,64,62,82,83,75,62,7
854,364,2014,15,MC,16,69,81,48,68,71,74,70,63,7
855,365,2014,15,DC,16,75,49,32,72,87,90,63,45,7
856,366,2014,15,DR,16,74,49,32,68,90,84,68,54,7
857,367,2014,15,AS,16,34,38,78,72,87,90,69,47,5
858,368,2014,15,DR,16,76,43,38,68,86,82,59,56,5
859,369,2014,15,MR,17,33,80,61,67,90,84,73,61,6
860,370,2014,15,DC,17,81,44,38,82,73,75,53,46,8
861,371,2014,15,MC,17,53,84,68,72,77,78,84,83,8
862,372,2014,15,MC,17,42,79,51,71,73,74,67,51,3
863,373,2014,15,D,17,79,43,35,83,72,77,59,48,3
864,374,2014,15,AS,18,34,41,82,70,90,92,70,61,6
865,375,2014,15,AS,18,32,40,79,73,88,81,63,50,6
866,376,2014,15,GK,69,34,32,28,47,62,59,43,33,8
867,377,2014,15,GK,77,49,42,33,49,59,55,42,30,1
868,378,2014,15,GK,86,51,44,36,49,62,63,48,35,6
869,379,2014,15,MR,15,28,71,33,60,86,80,69,44,8
870,380,2014,16,DC,16,80,37,35,79,73,80,56,42,6
871,381,2014,16,D,16,82,66,51,72,76,72,67,68,6
872,382,2014,16,DL,16,81,48,42,68,84,87,74,63,7
873,383,2014,16,DC,16,85,47,33,78,80,75,65,50,9
874,384,2014,16,AF,16,46,62,83,72,79,81,82,74,8
875,385,2014,16,M,16,57,84,70,71,84,77,80,77,9
876,386,2014,16,D,17,87,57,42,79,86,78,67,63,6
877,387,2014,16,M,17,43,84,59,71,82,90,81,71,6
878,388,2014,16,AS,17,56,65,89,74,88,80,80,66,6
879,389,2014,16,MC,17,74,88,68,82,80,85,78,72,6
880,390,2014,16,DR,17,83,65,52,75,77,80,76,72,6
881,391,2014,16,DL,17,84,69,61,73,90,83,78,75,7
882,392,2014,16,MC,17,68,85,66,74,84,80,78,72,9
883,393,2014,16,MC,18,67,84,43,71,84,82,72,61,6
884,394,2014,16,MC,17,62,86,37,70,80,82,67,53,8
885,395,2014,16,MR,18,49,86,71,72,92,75,69,71,6
886,396,2014,16,MC,18,37,82,56,68,81,76,77,65,7
887,397,2014,16,MR,18,42,84,73,68,89,77,80,72,7
888,398,2014,16,DC,18,90,57,44,84,80,80,60,53,7
889,399,2014,16,AS,18,46,66,90,78,80,83,82,73,7
890,400,2014,16,MC,18,51,88,78,83,79,79,73,84,8
891,401,2014,16,MC,19,57,86,52,70,89,83,72,58,6
892,402,2014,16,GK,82,54,44,31,43,58,66,44,38,5
893,403,2014,16,GK,85,53,47,32,45,57,69,45,41,1
894,404,2014,16,GK,92,58,52,42,58,68,62,58,50,6
895,405,2014,16,DC,19,86,47,34,86,76,77,57,45,6
896,406,2014,17,MC,16,53,78,29,77,71,80,68,51,4
897,407,2014,17,M,16,34,81,66,68,75,80,72,57,5
898,408,2014,17,AS,16,31,40,78,72,88,84,69,50,6
899,409,2014,17,M,16,47,79,49,73,80,78,72,71,6
900,410,2014,17,DR,16,79,47,31,71,79,85,65,52,7
901,411,2014,17,DL,16,78,41,36,76,84,81,68,67,7
902,412,2014,17,AF,16,33,41,82,65,90,83,74,65,9
903,413,2014,17,DC,16,78,42,38,73,76,80,59,46,7
904,414,2014,17,MC,17,49,79,34,76,87,74,69,48,5
905,415,2014,17,DC,17,78,38,36,77,75,81,65,50,5
906,416,2014,17,MC,17,57,79,40,71,76,74,64,49,6
907,417,2014,17,MC,17,47,79,33,77,88,91,70,52,6
908,418,2014,17,DL,17,79,43,32,77,84,82,75,62,6
909,419,2014,17,D,17,79,41,38,82,74,79,58,45,3
910,420,2014,17,DC,18,82,59,41,80,78,72,66,59,5
911,421,2014,17,AF,18,33,47,79,76,85,82,70,60,6
912,422,2014,17,GK,78,48,40,27,46,62,69,46,31,4
913,423,2014,17,GK,79,53,44,37,46,61,73,44,32,5
914,424,2014,17,MC,17,35,82,58,66,81,80,71,64,6
915,425,2014,17,MC,18,53,80,39,70,78,86,70,56,6
916,426,2014,17,GK,75,39,37,36,49,59,62,40,26,5
917,427,2014,17,DC,17,72,43,39,71,82,79,54,42,7
918,428,2014,17,DL,16,71,42,32,68,81,88,53,42,8
919,429,2014,17,M,16,42,75,39,66,85,87,67,47,8
920,430,2014,17,AS,17,34,40,82,79,85,85,71,60,6
921,431,2014,17,M,16,36,80,49,63,84,87,76,68,7
922,432,2014,18,MC,15,52,80,70,70,93,73,80,69,8
923,433,2014,18,DC,16,79,48,36,73,82,88,63,46,5
924,434,2014,18,AF,16,36,43,81,69,79,76,69,53,6
925,435,2014,18,MC,16,52,83,56,69,74,75,78,75,6
926,436,2014,18,MC,16,56,81,42,65,85,77,81,68,10
927,437,2014,18,DR,17,81,47,30,85,78,73,54,39,4
928,438,2014,18,MC,17,68,85,73,70,71,75,77,73,4
929,439,2014,18,D,17,81,48,33,75,70,73,58,49,5
930,440,2014,18,ML,17,45,82,72,72,82,75,70,80,5
931,441,2014,18,AS,17,33,43,81,72,90,85,71,53,6
932,442,2014,18,ML,17,38,78,55,62,79,74,73,61,6
933,443,2014,18,AF,17,31,60,79,68,91,84,70,61,6
934,444,2014,18,AS,17,43,59,80,68,80,77,75,70,6
935,445,2014,18,AS,17,52,64,82,66,81,78,82,71,6
936,446,2014,18,AF,17,48,53,83,73,85,79,80,71,7
937,447,2014,18,DL,18,78,40,37,73,84,79,60,38,6
938,448,2014,18,DC,18,80,42,30,78,88,85,60,48,6
939,449,2014,18,DC,18,81,48,35,78,86,82,67,50,6
940,450,2014,18,AS,20,49,61,87,87,78,78,85,70,6
941,451,2014,18,GK,82,49,41,32,44,60,71,47,38,6
942,452,2014,18,GK,84,52,46,36,43,59,72,45,39,3
943,453,2014,18,MR,17,32,82,53,66,86,84,72,65,6
944,454,2014,19,DC,15,81,42,35,82,77,74,61,51,6
945,455,2014,19,DL,16,79,39,33,70,81,79,62,46,6
946,456,2014,19,DR,16,77,51,38,75,76,81,66,53,6
947,457,2014,19,MC,16,30,73,48,67,83,79,69,45,7
948,458,2014,19,DL,16,76,38,37,72,74,79,53,41,8
949,459,2014,19,ML,16,30,79,58,61,83,80,77,63,6
950,460,2014,19,MR,17,34,79,59,66,77,78,69,51,4
951,461,2014,19,MC,17,70,82,47,85,73,72,69,65,5
952,462,2014,19,MC,17,44,79,62,62,79,75,72,67,5
953,463,2014,19,MC,17,49,83,69,78,72,74,85,83,5
954,464,2014,19,DR,17,80,52,30,67,79,85,69,53,6
955,465,2014,19,AF,17,32,40,80,69,90,85,71,54,6
956,466,2014,19,DR,17,79,53,36,71,82,78,70,56,6
957,467,2014,19,MC,17,60,81,42,68,86,82,76,72,6
958,468,2014,19,AF,17,41,49,85,75,86,88,81,70,7
959,469,2014,19,DR,17,75,39,37,84,69,73,61,45,5
960,470,2014,19,DC,18,81,47,31,80,72,80,66,52,4
961,471,2014,19,MC,18,51,82,59,76,84,78,82,77,5
962,472,2014,19,MC,18,43,82,59,64,82,76,78,82,5
963,473,2014,19,DC,18,80,49,33,82,72,78,65,55,6
964,474,2014,19,AF,18,32,47,86,76,93,85,70,56,6
965,475,2014,19,ML,18,52,81,53,70,82,90,71,55,7
966,476,2014,19,DC,18,75,37,33,74,86,80,67,49,8
967,477,2014,19,AS,19,43,58,84,80,73,72,76,69,4
968,478,2014,19,AF,19,37,42,79,82,85,77,69,51,5
969,479,2014,19,GK,77,49,41,32,44,63,69,43,29,8
970,480,2014,19,GK,86,42,38,31,48,57,62,48,39,3
971,481,2014,19,GK,86,49,42,34,49,63,68,51,32,6
972,482,2014,20,MC,16,75,85,54,80,73,78,71,72,6
973,483,2014,20,MR,15,37,80,59,65,93,76,79,74,5
974,484,2014,20,MC,16,52,78,31,82,74,75,57,42,4
975,485,2014,20,MC,16,40,77,41,68,82,78,73,54,6
976,486,2014,20,M,16,37,77,59,71,80,83,76,60,7
977,487,2014,20,DR,16,71,34,32,68,88,83,64,48,8
978,488,2014,20,DC,16,73,39,37,67,81,74,62,49,8
979,489,2014,20,AF,16,32,39,78,67,85,82,71,59,8
980,490,2014,20,DC,17,80,42,32,79,72,73,57,46,3
981,491,2014,20,DC,17,79,47,35,83,69,73,66,53,3
982,492,2014,20,MC,17,60,82,45,87,71,74,75,59,4
983,493,2014,20,AS,17,32,41,79,82,78,73,70,61,4
984,494,2014,20,MC,17,60,81,43,66,85,82,74,60,5
985,495,2014,20,DL,17,75,35,34,66,81,74,67,45,6
986,496,2014,20,DC,17,78,42,29,77,85,86,66,46,6
987,497,2014,20,ML,17,38,82,72,58,86,81,79,71,6
988,498,2014,20,M,17,47,80,61,56,80,84,73,62,8
989,499,2014,20,DL,18,79,48,45,72,89,94,72,63,6
990,500,2014,20,M,18,40,79,64,62,91,80,76,63,7
991,501,2014,20,DC,18,81,48,39,78,83,84,60,53,8
992,502,2014,20,DC,19,85,58,39,80,72,75,77,62,3
993,503,2014,20,GK,75,48,39,28,48,59,55,43,27,5
994,504,2014,20,GK,81,52,46,31,43,63,60,42,32,4
995,505,2014,20,GK,76,47,42,31,45,60,57,43,29,7
996,506,2014,38,GK,78,43,39,32,50,52,49,44,30,9
997,507,2014,39,DR,16,76,37,31,49,58,50,43,31,7
998,508,2014,36,GK,81,46,40,34,50,52,53,43,31,5
999,509,2014,45,GK,82,48,40,35,48,53,55,46,31,4
1000,510,2014,35,GK,82,46,42,35,48,52,55,43,31,6
1001,511,2014,39,GK,82,47,36,30,48,52,58,45,32,5
1002,512,2014,32,GK,80,45,42,31,47,53,52,46,32,7
1003,513,2014,41,GK,80,47,39,32,46,52,54,45,32,7
1004,514,2014,41,GK,78,46,40,32,47,56,52,43,32,6
1005,515,2014,46,GK,80,52,44,34,50,52,54,45,32,8
1006,516,2014,33,GK,81,48,40,35,50,49,58,45,32,5
1007,517,2014,43,GK,78,46,40,32,50,57,52,46,33,2
1008,518,2014,44,GK,79,47,42,32,46,49,50,44,33,8
1009,519,2014,46,GK,83,48,42,35,49,54,56,47,33,3
1010,520,2014,34,GK,80,46,42,37,48,53,56,44,33,6
1011,521,2014,40,GK,79,46,40,31,45,54,58,46,34,6
1012,522,2014,35,GK,86,52,43,31,48,52,54,46,34,2
1013,523,2014,36,GK,76,45,36,33,48,52,56,45,34,1
1014,524,2014,33,GK,77,46,42,34,48,53,55,43,34,6
1015,525,2014,32,GK,87,49,43,35,46,52,48,48,34,4
1016,526,2014,29,GK,81,50,43,35,49,56,50,49,34,4
1017,527,2014,48,GK,79,46,40,36,46,49,55,48,34,6
1018,528,2014,46,GK,88,52,45,36,50,58,52,46,34,3
1019,529,2014,38,GK,76,47,39,31,50,56,52,46,35,8
1020,530,2014,38,GK,85,49,46,32,42,58,54,47,35,5
1021,531,2014,42,GK,86,49,40,37,49,58,60,42,35,4
1022,532,2014,39,GK,82,49,42,38,48,53,55,46,35,2
1023,533,2014,39,GK,76,46,40,37,48,50,50,43,35,1
1024,534,2014,36,GK,75,43,40,36,48,49,46,43,35,5
1025,535,2014,33,GK,75,47,42,33,45,49,59,45,36,9
1026,536,2014,30,GK,80,50,43,33,50,56,49,46,36,5
1027,537,2014,30,GK,85,45,42,34,49,53,50,45,36,2
1028,538,2014,31,GK,88,50,42,36,52,56,49,47,36,8
1029,539,2014,32,GK,89,51,46,37,52,53,45,45,36,8
1030,540,2014,42,GK,79,48,42,30,50,52,53,45,37,7
1031,541,2014,47,GK,90,50,46,32,50,55,58,46,37,5
1032,542,2014,42,GK,86,50,44,35,50,58,53,48,37,4
1033,543,2014,34,GK,76,45,39,33,47,53,55,46,37,3
1034,544,2014,43,GK,77,46,39,32,47,50,55,46,38,1
1035,545,2014,40,GK,80,43,38,34,49,48,49,46,38,1
1036,546,2014,48,GK,91,52,50,41,48,55,59,47,38,6
1037,547,2014,37,GK,75,43,34,33,43,50,57,46,38,1
1038,548,2014,44,GK,87,50,43,36,50,53,57,50,39,6
1039,549,2014,31,GK,88,50,43,33,49,54,58,50,40,3
1040,550,2014,44,DC,19,92,55,39,88,89,84,56,40,9
1041,551,2014,29,GK,81,50,43,31,47,50,55,47,41,7
1042,552,2014,35,DC,17,79,38,32,84,90,83,54,41,6
1043,553,2014,32,DC,17,83,46,32,80,83,86,54,41,6
1044,554,2014,43,ML,15,39,75,30,61,80,92,58,42,6
1045,555,2014,36,DC,17,78,46,31,87,74,79,52,42,1
1046,556,2014,44,GK,95,52,45,38,52,59,57,53,42,3
1047,557,2014,44,DC,20,96,53,42,92,89,88,55,42,4
1048,558,2014,36,MC,16,49,77,30,68,79,76,61,43,6
1049,559,2014,42,DR,17,83,40,31,79,82,80,56,43,6
1050,560,2014,31,DC,19,93,46,32,90,81,88,58,43,5
1051,561,2014,37,DL,16,78,42,33,79,80,82,56,43,1
1052,562,2014,29,D,17,79,38,35,88,79,90,54,43,6
1053,563,2014,43,DR,16,78,45,35,78,82,86,55,43,7
1054,564,2014,34,DC,17,81,40,36,87,79,83,59,43,7
1055,565,2014,36,DR,16,79,39,38,79,80,83,52,43,6
1056,566,2014,44,DR,18,89,49,42,87,85,92,57,43,7
1057,567,2014,34,AS,15,31,38,75,85,72,79,57,43,6
1058,568,2014,36,MC,18,53,78,29,83,84,92,57,44,3
1059,569,2014,41,MC,18,65,84,30,82,77,85,62,44,4
1060,570,2014,41,DC,17,76,35,31,80,78,84,55,44,6
1061,571,2014,34,DR,15,74,40,31,79,80,76,52,44,8
1062,572,2014,41,DL,16,77,43,31,80,85,79,57,44,7
1063,573,2014,30,DL,16,79,43,31,82,78,84,55,44,8
1064,574,2014,45,DR,15,78,38,32,65,82,76,58,44,9
1065,575,2014,35,DR,18,78,37,34,70,79,80,53,44,6
1066,576,2014,29,DC,16,79,39,34,84,89,80,55,44,7
1067,577,2014,40,DC,17,80,40,34,84,78,77,54,44,2
1068,578,2014,30,DC,18,86,42,34,88,80,89,60,44,5
1069,579,2014,48,DC,17,82,40,35,85,78,82,60,44,3
1070,580,2014,42,DC,18,80,37,37,82,79,84,53,44,5
1071,581,2014,29,M,15,30,72,38,61,82,90,70,44,7
1072,582,2014,41,DC,17,80,39,30,82,75,83,53,45,1
1073,583,2014,33,MC,17,50,76,30,73,79,92,59,45,9
1074,584,2014,35,MC,17,53,78,30,80,82,81,58,45,5
1075,585,2014,35,MC,16,48,82,30,88,83,85,59,45,5
1076,586,2014,33,MC,18,65,86,30,88,76,82,70,45,2
1077,587,2014,33,DL,16,77,40,31,82,80,78,57,45,7
1078,588,2014,47,DC,17,87,43,31,85,81,88,62,45,9
1079,589,2014,46,DL,19,82,44,31,82,76,86,60,45,2
1080,590,2014,40,DC,18,88,39,32,85,83,90,58,45,9
1081,591,2014,34,MC,17,46,77,32,63,90,79,61,45,5
1082,592,2014,47,DL,16,81,52,33,70,82,90,66,45,10
1083,593,2014,31,DL,18,87,44,34,73,83,87,56,45,5
1084,594,2014,37,DC,16,72,38,35,74,82,78,57,45,8
1085,595,2014,39,DC,18,85,52,35,80,83,83,57,45,5
1086,596,2014,41,DC,17,80,36,35,93,78,79,53,45,4
1087,597,2014,43,DC,16,78,39,36,78,80,82,67,45,5
1088,598,2014,30,DL,16,80,40,36,80,84,79,60,45,6
1089,599,2014,33,MC,16,42,83,40,60,82,88,63,45,6
1090,600,2014,29,AF,15,32,38,73,62,79,85,59,45,6
1091,601,2014,33,AS,16,33,36,77,70,80,80,63,45,4
1092,602,2014,37,DL,16,79,37,36,76,75,80,73,45,1
1093,603,2014,29,DC,16,80,37,30,83,79,82,55,46,6
1094,604,2014,41,DC,17,79,38,30,88,77,82,56,46,6
1095,605,2014,36,DC,16,77,39,30,79,82,80,54,46,6
1096,606,2014,38,MC,18,52,83,30,87,80,82,61,46,6
1097,607,2014,40,DC,16,77,37,31,79,77,83,54,46,6
1098,608,2014,33,DC,16,80,38,31,80,83,89,62,46,9
1099,609,2014,38,DL,15,73,40,31,64,80,77,55,46,8
1100,610,2014,48,DC,15,76,40,31,73,88,82,60,46,9
1101,611,2014,46,DC,17,81,43,31,77,87,82,58,46,8
1102,612,2014,45,DC,17,88,44,31,86,83,82,63,46,7
1103,613,2014,32,DR,17,80,47,31,70,84,80,58,46,7
1104,614,2014,34,MC,17,49,77,31,74,79,82,58,46,3
1105,615,2014,36,MC,16,42,79,31,80,75,79,59,46,1
1106,616,2014,41,MC,18,59,81,31,72,88,82,58,46,6
1107,617,2014,38,MC,18,49,82,31,79,83,90,62,46,6
1108,618,2014,32,MC,17,67,85,31,84,90,84,62,46,6
1109,619,2014,43,DC,16,80,34,32,84,79,85,60,46,2
1110,620,2014,37,DC,16,77,39,32,82,73,80,53,46,1
1111,621,2014,48,DR,16,80,39,32,78,84,89,56,46,4
1112,622,2014,38,DC,18,85,39,32,85,83,80,58,46,6
1113,623,2014,30,DC,16,86,40,32,84,82,83,58,46,9
1114,624,2014,47,DC,16,82,45,32,79,81,78,58,46,9
1115,625,2014,38,D,17,80,36,32,82,80,88,58,46,6
1116,626,2014,32,MC,20,78,94,33,91,78,87,69,46,4
1117,627,2014,44,DC,17,81,43,34,79,80,80,58,46,8
1118,628,2014,44,D,19,86,49,34,83,80,85,52,46,4
1119,629,2014,36,DC,17,81,40,35,84,79,82,56,46,6
1120,630,2014,47,DC,16,79,42,35,78,80,84,62,46,9
1121,631,2014,33,DC,15,74,40,36,77,80,82,56,46,9
1122,632,2014,40,MC,15,37,72,36,63,89,77,60,46,8
1123,633,2014,34,MC,17,34,76,36,82,73,78,57,46,1
1124,634,2014,37,DC,16,82,35,38,85,78,80,57,46,6
1125,635,2014,39,DR,16,78,35,34,72,78,85,53,46,3
1126,636,2014,41,DL,17,78,43,30,72,79,88,58,47,4
1127,637,2014,33,DR,16,80,43,30,79,84,84,58,47,9
1128,638,2014,43,DL,17,77,47,30,70,85,79,57,47,7
1129,639,2014,40,MC,16,49,78,30,69,80,85,64,47,6
1130,640,2014,30,MC,16,42,78,30,75,82,80,70,47,9
1131,641,2014,29,MC,16,49,80,30,79,82,79,59,47,5
1132,642,2014,38,DR,17,76,35,31,69,80,78,58,47,6
1133,643,2014,29,DC,15,79,36,31,80,82,77,51,47,7
1134,644,2014,40,DC,17,82,40,31,87,90,86,59,47,5
1135,645,2014,39,MC,16,45,78,31,85,79,82,60,47,2
1136,646,2014,31,MC,16,46,79,31,78,79,83,62,47,5
1137,647,2014,44,MC,17,49,83,31,82,78,81,69,47,9
1138,648,2014,46,DC,17,84,38,32,82,84,80,62,47,6
1139,649,2014,36,DL,18,78,40,32,79,86,80,54,47,7
1140,650,2014,40,DR,17,78,40,32,72,90,92,55,47,8
1141,651,2014,48,DC,16,87,43,32,88,82,85,63,47,7
1142,652,2014,32,DC,18,87,49,32,88,79,80,57,47,3
1143,653,2014,35,DC,16,84,40,33,84,82,80,55,47,9
1144,654,2014,38,DL,16,80,42,33,80,80,82,65,47,9
1145,655,2014,31,DC,19,91,46,33,89,84,86,59,47,4
1146,656,2014,42,MC,18,48,82,33,80,75,83,63,47,5
1147,657,2014,34,DC,16,78,32,33,76,74,80,54,47,2
1148,658,2014,33,DC,17,82,45,34,88,80,82,60,47,7
1149,659,2014,46,DR,16,83,49,34,72,80,84,60,47,8
1150,660,2014,30,DR,18,85,50,34,82,75,80,62,47,3
1151,661,2014,38,DC,17,81,40,35,89,77,80,55,47,3
1152,662,2014,38,DC,16,82,40,36,88,79,82,57,47,7
1153,663,2014,42,MC,16,53,85,37,77,83,90,63,47,7
1154,664,2014,47,DC,18,88,43,38,83,80,88,64,47,6
1155,665,2014,40,MC,16,43,79,40,69,75,79,64,47,6
1156,666,2014,42,MC,16,30,78,42,62,82,82,65,47,6
1157,667,2014,46,MC,17,60,86,42,86,86,86,65,47,5
1158,668,2014,46,MC,17,64,89,42,85,80,89,66,47,7
1159,669,2014,31,MC,17,52,78,43,82,89,78,62,47,8
1160,670,2014,47,DR,17,80,46,44,74,85,79,58,47,4
1161,671,2014,30,AS,17,31,36,77,80,79,83,59,47,5
1162,672,2014,30,AF,18,32,38,80,83,78,90,60,47,4
1163,673,2014,34,AS,18,34,39,80,79,82,76,57,47,5
1164,674,2014,38,DR,16,79,42,30,76,82,76,55,47,5
1165,675,2014,35,DR,18,86,43,31,89,72,79,56,48,1
1166,676,2014,31,DR,18,86,46,31,77,85,83,58,48,4
1167,677,2014,31,DR,17,84,49,31,70,83,89,69,48,9
1168,678,2014,40,MC,17,45,82,31,88,79,82,63,48,4
1169,679,2014,47,MC,18,67,87,31,88,76,84,63,48,4
1170,680,2014,38,DL,15,78,38,32,62,80,90,55,48,9
1171,681,2014,41,DR,16,79,39,32,78,82,80,57,48,8
1172,682,2014,44,DL,18,89,49,32,76,87,82,54,48,6
1173,683,2014,42,DC,16,80,50,32,75,80,88,61,48,8
1174,684,2014,46,DR,17,79,46,33,84,80,82,74,48,6
1175,685,2014,42,DC,18,83,47,33,88,77,82,57,48,1
1176,686,2014,42,D,18,84,47,35,79,84,82,56,48,6
1177,687,2014,29,DL,16,77,40,36,83,88,94,55,48,2
1178,688,2014,33,DC,18,86,52,36,85,82,90,63,48,5
1179,689,2014,48,DC,19,91,62,37,90,87,84,62,48,7
1180,690,2014,29,MC,16,36,80,38,78,80,78,54,48,2
1181,691,2014,30,MC,18,42,84,38,82,78,88,71,48,5
1182,692,2014,42,M,17,31,75,42,63,79,85,70,48,9
1183,693,2014,43,ML,16,40,77,46,61,90,94,77,48,8
1184,694,2014,43,MR,16,32,78,47,62,92,85,72,48,8
1185,695,2014,37,MC,17,43,81,49,71,80,81,69,48,6
1186,696,2014,32,M,17,31,86,52,67,91,82,67,48,5
1187,697,2014,43,AS,15,32,37,69,56,78,83,59,48,8
1188,698,2014,30,AF,15,32,41,75,65,90,76,65,48,9
1189,699,2014,36,AS,17,30,37,76,90,75,80,60,48,5
1190,700,2014,42,AS,16,32,39,76,65,79,83,55,48,8
1191,701,2014,38,AS,17,33,36,79,79,90,84,65,48,6
1192,702,2014,35,AF,17,31,40,80,83,78,87,57,48,3
1193,703,2014,33,AF,17,35,38,82,66,82,76,84,48,4
1194,704,2014,45,AS,16,31,38,82,85,80,88,60,48,6
1195,705,2014,38,AS,17,32,40,84,84,80,79,62,48,5
1196,706,2014,41,AS,16,33,39,86,82,80,83,67,48,2
1197,707,2014,44,AS,20,38,52,95,86,85,83,79,48,6
1198,708,2014,43,DR,15,80,36,34,79,75,77,53,48,4
1199,709,2014,30,DC,17,83,39,30,85,77,82,58,49,6
1200,710,2014,45,DR,17,80,41,30,82,86,89,54,49,5
1201,711,2014,37,DC,16,78,42,31,80,83,86,58,49,6
1202,712,2014,45,MC,17,52,84,31,89,80,86,66,49,5
1203,713,2014,30,MC,17,62,87,31,85,80,82,65,49,6
1204,714,2014,33,DR,16,80,39,32,80,83,82,59,49,8
1205,715,2014,30,DR,16,82,40,32,89,81,82,63,49,7
1206,716,2014,46,DR,17,83,44,32,83,80,82,57,49,5
1207,717,2014,47,DR,18,84,44,32,77,82,80,63,49,6
1208,718,2014,43,MC,16,49,77,32,69,78,83,60,49,6
1209,719,2014,46,DC,17,85,40,33,80,83,84,62,49,6
1210,720,2014,30,DC,19,86,46,33,88,75,79,58,49,2
1211,721,2014,33,MC,15,55,81,33,82,80,88,67,49,9
1212,722,2014,41,DC,17,82,40,34,90,80,78,61,49,2
1213,723,2014,29,DR,15,79,44,34,75,88,82,56,49,7
1214,724,2014,39,DL,17,79,36,35,85,79,82,55,49,5
1215,725,2014,42,DC,17,80,38,35,75,78,75,57,49,3
1216,726,2014,48,DR,18,88,47,35,85,85,91,62,49,7
1217,727,2014,40,MC,17,46,79,35,70,81,86,63,49,7
1218,728,2014,34,DC,16,75,36,35,78,83,77,55,49,3
1219,729,2014,45,DC,17,83,40,37,90,78,82,55,49,5
1220,730,2014,40,DL,16,77,42,37,64,82,90,58,49,9
1221,731,2014,41,MC,15,52,84,38,78,84,86,71,49,8
1222,732,2014,48,MC,18,50,86,38,78,75,80,58,49,4
1223,733,2014,29,MC,16,40,79,39,75,90,88,68,49,8
1224,734,2014,35,MC,16,38,80,39,63,82,79,68,49,7
1225,735,2014,44,MC,18,77,91,40,88,78,84,69,49,6
1226,736,2014,47,AS,15,32,37,73,69,82,80,67,49,9
1227,737,2014,36,AF,17,31,39,76,75,78,74,68,49,6
1228,738,2014,40,AS,16,32,37,78,82,80,88,62,49,8
1229,739,2014,34,AS,15,30,39,78,80,82,85,62,49,8
1230,740,2014,43,AF,17,35,42,81,63,88,80,68,49,4
1231,741,2014,42,AF,16,31,43,82,63,82,85,75,49,7
1232,742,2014,31,AF,19,34,46,91,83,84,81,73,49,7
1233,743,2014,31,AS,20,35,39,94,95,80,87,66,49,5
1234,744,2014,41,DR,17,75,36,35,83,76,80,55,49,2
1235,745,2014,48,DL,18,81,39,30,85,79,80,63,50,5
1236,746,2014,45,MC,15,43,73,30,85,80,82,67,50,9
1237,747,2014,41,MC,16,52,80,30,77,88,92,60,50,6
1238,748,2014,42,MC,17,45,80,30,77,82,80,64,50,7
1239,749,2014,48,DL,17,85,40,31,78,83,81,63,50,5
1240,750,2014,45,MR,17,40,74,31,67,76,82,65,50,6
1241,751,2014,43,MC,18,52,82,31,79,76,82,61,50,1
1242,752,2014,41,DC,18,85,37,32,88,74,77,60,50,1
1243,753,2014,31,DC,17,78,42,32,75,82,81,59,50,9
1244,754,2014,45,DL,16,81,44,32,80,87,83,58,50,5
1245,755,2014,37,DR,16,81,46,32,80,85,92,58,50,6
1246,756,2014,45,MC,16,50,80,32,88,78,89,56,50,6
1247,757,2014,29,DL,17,79,47,33,80,83,88,57,50,4
1248,758,2014,31,MC,19,62,87,33,84,77,83,61,50,5
1249,759,2014,38,DL,16,80,41,34,82,80,88,57,50,7
1250,760,2014,42,DC,17,80,39,34,78,82,86,57,50,6
1251,761,2014,35,DC,18,82,40,35,87,80,82,60,50,2
1252,762,2014,43,DC,17,78,37,36,78,83,79,52,50,5
1253,763,2014,32,DC,16,82,45,36,74,82,80,64,50,8
1254,764,2014,42,DL,16,81,43,38,69,85,92,59,50,3
1255,765,2014,38,MC,16,40,79,38,64,79,88,77,50,4
1256,766,2014,35,MC,16,40,80,38,76,83,90,78,50,5
1257,767,2014,29,MC,15,30,76,39,59,79,82,68,50,7
1258,768,2014,46,MC,17,58,82,39,68,82,81,69,50,8
1259,769,2014,48,MC,17,38,84,40,77,82,88,71,50,6
1260,770,2014,48,MC,17,50,88,41,82,87,92,72,50,7
1261,771,2014,34,MC,17,30,79,42,64,78,82,61,50,2
1262,772,2014,44,MC,18,62,90,42,83,80,81,84,50,7
1263,773,2014,44,DC,21,95,61,43,93,90,93,57,50,6
1264,774,2014,45,MC,16,46,82,44,71,80,90,78,50,10
1265,775,2014,42,MC,17,48,85,45,72,84,82,70,50,9
1266,776,2014,47,MC,17,31,78,47,62,80,88,74,50,5
1267,777,2014,44,DL,18,88,64,51,79,93,90,71,50,6
1268,778,2014,46,MC,17,44,86,53,80,82,86,72,50,6
1269,779,2014,40,AS,15,31,37,74,70,86,78,63,50,8
1270,780,2014,30,AF,15,31,42,76,69,80,83,68,50,9
1271,781,2014,33,AF,16,32,38,77,64,83,80,68,50,9
1272,782,2014,41,AF,16,35,40,77,68,92,93,63,50,6
1273,783,2014,30,AF,16,31,39,79,72,80,79,62,50,6
1274,784,2014,29,AS,15,37,39,80,79,75,83,62,50,6
1275,785,2014,35,AS,18,32,38,82,79,80,79,66,50,3
1276,786,2014,31,AF,18,32,45,90,88,81,89,67,50,7
1277,787,2014,35,DL,16,81,43,31,70,85,82,65,51,4
1278,788,2014,31,DR,18,88,49,33,78,85,92,64,51,4
1279,789,2014,34,DL,15,79,39,34,71,79,83,60,51,7
1280,790,2014,33,MC,16,34,78,39,67,80,85,79,51,6
1281,791,2014,47,MC,18,59,88,39,80,83,88,70,51,6
1282,792,2014,33,MC,16,36,78,40,72,91,85,72,51,8
1283,793,2014,41,M,15,31,73,42,64,82,84,70,51,9
1284,794,2014,45,AS,16,31,37,79,70,81,84,65,51,6
1285,795,2014,30,AS,18,34,39,88,83,76,80,68,51,3
1286,796,2014,31,DL,18,84,50,31,70,83,88,63,52,6
1287,797,2014,42,DL,18,83,43,31,80,83,79,59,52,6
1288,798,2014,29,DL,17,80,44,32,79,80,86,58,52,4
1289,799,2014,47,DL,17,85,46,35,85,85,84,60,52,7
1290,800,2014,38,MC,15,33,74,37,66,82,79,60,52,9
1291,801,2014,46,DL,17,84,43,38,75,88,85,60,52,5
1292,802,2014,36,MR,15,30,72,38,58,79,82,70,52,8
1293,803,2014,39,DL,18,80,47,40,70,88,82,59,52,7
1294,804,2014,35,MC,16,33,79,46,72,81,83,74,52,8
1295,805,2014,42,MC,15,30,73,47,59,82,86,74,52,8
1296,806,2014,30,MR,17,58,86,47,79,86,94,70,52,7
1297,807,2014,44,MC,18,62,96,59,82,81,85,78,52,7
1298,808,2014,41,AF,17,33,40,79,62,85,90,65,52,4
1299,809,2014,40,AS,17,32,39,82,78,90,80,73,52,6
1300,810,2014,31,AF,18,34,52,82,78,85,83,82,52,9
1301,811,2014,46,DC,18,85,44,36,90,83,80,60,53,4
1302,812,2014,47,MC,17,42,85,45,75,82,91,79,53,10
1303,813,2014,40,AS,17,34,40,80,67,82,81,63,53,2
1304,814,2014,39,MR,16,30,79,39,72,94,90,79,54,6
1305,815,2014,35,M,16,34,78,43,63,80,77,80,54,7
1306,816,2014,41,M,16,30,78,52,65,88,80,77,54,9
1307,817,2014,43,AF,17,32,42,83,83,80,79,77,54,6
1308,818,2014,42,AF,16,31,44,84,70,83,80,87,54,9
1309,819,2014,45,AF,18,32,38,87,75,88,81,79,54,7
1310,820,2014,32,DR,20,92,68,42,85,87,80,62,55,3
1311,821,2014,43,MC,17,32,79,48,60,83,82,79,55,8
1312,822,2014,43,ML,15,33,76,50,63,85,77,76,55,8
1313,823,2014,37,MR,16,35,81,46,59,92,90,73,56,8
1314,824,2014,43,M,16,31,72,47,61,80,85,73,56,8
1315,825,2014,48,AF,18,31,38,80,68,90,92,65,56,3
1316,826,2014,30,MC,16,42,80,49,69,82,88,79,57,10
1317,827,2014,37,AS,15,33,37,78,62,82,83,71,57,8
1318,828,2014,37,AF,15,32,42,78,62,85,80,70,57,7
1319,829,2014,32,AF,18,34,44,87,69,85,88,81,57,6
1320,830,2014,41,ML,17,31,78,39,63,78,76,79,58,5
1321,831,2014,36,MR,15,32,77,45,60,85,80,72,58,9
1322,832,2014,29,MR,16,33,80,47,63,90,93,78,58,6
1323,833,2014,43,MR,15,31,75,49,65,82,76,80,58,9
1324,834,2014,48,AF,16,32,40,82,75,80,82,76,58,9
1325,835,2014,38,ML,16,33,81,39,69,82,78,79,59,6
1326,836,2014,32,DC,20,93,57,41,90,81,83,72,59,6
1327,837,2014,31,MC,18,57,88,43,82,79,84,82,59,2
1328,838,2014,44,ML,17,43,84,54,67,83,80,82,59,7
1329,839,2014,45,MC,17,34,81,52,73,82,83,75,60,5
1330,840,2014,37,AF,15,31,37,75,67,77,83,64,60,2
1331,841,2014,31,MC,16,52,80,48,68,84,80,82,61,9
1332,842,2014,32,DC,18,90,70,64,84,82,80,75,61,6
1333,843,2014,36,MC,15,32,79,37,70,78,80,74,62,7
1334,844,2014,37,MC,17,43,80,44,79,80,82,76,62,7
1335,845,2014,48,MC,17,45,84,46,68,82,86,72,62,8
1336,846,2014,47,M,18,38,85,46,66,90,82,86,62,7
1337,847,2014,31,AF,17,32,45,86,75,80,80,83,62,5
1338,848,2014,47,AF,17,33,42,88,79,84,79,78,62,9
1339,849,2014,47,AF,18,35,44,89,69,83,80,85,62,9
1340,850,2014,30,MC,15,47,80,31,65,82,87,76,63,7
1341,851,2014,48,M,15,33,82,35,69,82,85,88,63,8
1342,852,2014,32,MC,17,33,80,40,67,83,86,82,63,8
1343,853,2014,47,M,16,30,79,43,67,83,78,84,63,9
1344,854,2014,48,MC,16,34,80,43,63,80,83,88,63,10
1345,855,2014,33,MR,18,34,82,47,64,87,84,80,63,6
1346,856,2014,37,ML,17,31,80,48,58,85,79,78,63,7
1347,857,2014,32,MR,16,33,82,49,65,85,82,90,63,10
1348,858,2014,47,ML,17,30,84,62,74,87,81,83,63,6
1349,859,2014,48,AF,16,34,49,88,74,82,84,79,63,10
1350,860,2014,46,AS,19,33,40,89,80,88,85,80,63,6
1351,861,2014,41,M,16,34,80,46,67,91,80,82,64,6
1352,862,2014,32,MC,17,31,85,64,65,90,82,89,64,9
1353,863,2014,42,MR,16,31,82,52,64,84,83,85,65,9
1354,864,2014,46,MR,19,40,90,54,62,88,83,85,65,6
1355,865,2014,40,AF,16,32,41,80,60,82,78,80,65,8
1356,866,2014,38,MC,17,30,80,43,69,82,78,83,67,3
1357,867,2014,37,MC,18,32,80,43,70,85,85,80,67,6
1358,868,2014,48,AF,18,35,49,86,82,89,83,72,67,7
1359,869,2014,31,MC,18,68,90,36,82,77,86,77,68,3
1360,870,2014,47,M,16,31,82,40,63,82,87,83,68,10
1361,871,2014,34,MC,17,33,75,44,63,79,75,70,68,3
1362,872,2014,29,MC,16,35,78,50,78,72,83,66,68,2
1363,873,2014,47,MR,15,33,86,60,64,87,80,83,68,9
1364,874,2014,36,AF,16,30,46,79,62,83,78,63,68,7
1365,875,2014,40,MR,16,31,74,38,63,78,75,69,69,6
1366,876,2014,40,M,16,32,79,40,63,80,92,73,69,6
1367,877,2014,39,MC,16,32,80,44,67,82,80,82,69,6
1368,878,2014,45,MC,18,36,85,49,73,80,79,82,69,3
1369,879,2014,33,ML,17,34,85,51,64,83,82,85,69,5
1370,880,2014,39,M,17,36,83,53,64,83,80,87,69,10
1371,881,2014,37,M,16,31,79,43,66,82,80,76,70,6
1372,882,2014,46,M,15,30,79,47,70,82,90,84,70,9
1373,883,2014,32,M,16,30,83,52,66,86,86,87,70,9
1374,884,2014,32,ML,21,37,97,67,71,87,88,90,70,4
1375,885,2014,46,AF,18,33,58,88,82,90,84,82,70,6
1376,886,2014,30,M,16,35,83,43,62,85,80,88,72,6
1377,887,2014,38,MC,16,31,81,47,62,84,80,77,72,8
1378,888,2014,31,M,19,55,92,67,85,83,91,88,72,6
1379,889,2014,32,MC,20,31,91,72,68,87,82,91,72,7
1380,890,2014,44,AF,17,33,66,90,78,90,85,85,72,10
1381,891,2014,36,ML,16,30,77,40,61,87,79,74,73,5
1382,892,2014,33,MR,17,43,82,47,62,85,83,80,73,5
1383,893,2014,31,ML,18,37,88,52,66,90,83,86,73,5
1384,894,2014,47,M,17,33,87,55,63,84,87,88,73,9
1385,895,2014,39,MC,18,40,86,58,69,85,88,89,73,4
1386,896,2014,47,MC,17,33,86,59,65,87,79,88,73,6
1387,897,2014,32,AF,20,34,70,96,88,95,88,90,73,8
1388,898,2014,46,M,17,32,88,58,70,86,88,86,74,6
1389,899,2014,41,MR,17,31,77,39,63,87,78,78,75,6
1390,900,2014,38,ML,16,30,80,46,60,87,80,84,75,4
1391,901,2014,42,AS,19,41,48,87,90,79,80,87,76,3
1392,902,2014,36,AF,17,33,45,82,75,78,88,82,77,3
1393,903,2014,34,M,16,31,77,38,60,78,76,81,78,3
1394,904,2014,29,M,16,32,82,50,60,88,82,85,78,8
1395,905,2014,37,M,16,32,82,52,59,82,82,80,78,7
1396,906,2014,44,M,19,35,96,71,79,88,86,89,78,8
1397,907,2014,38,AF,17,32,42,83,80,78,89,84,78,3
1398,908,2014,39,M,16,32,82,40,70,82,86,80,79,3
1399,909,2014,42,M,18,39,82,42,65,82,77,84,79,2
1400,910,2014,45,M,16,31,82,43,67,80,87,85,79,4
1401,911,2014,46,MC,17,31,87,53,62,84,87,92,79,7
1402,912,2014,45,MC,18,33,86,58,69,83,80,90,79,7
1403,913,2014,40,M,16,30,83,38,66,79,82,78,80,3
1404,914,2014,42,M,17,40,80,39,64,80,82,85,80,5
1405,915,2014,48,M,17,30,83,41,59,82,80,86,80,6
1406,916,2014,41,ML,16,35,81,43,66,85,79,82,80,6
1407,917,2014,33,ML,18,32,83,44,70,82,80,87,80,4
1408,918,2014,32,MC,19,65,97,61,79,80,82,91,90,2
1409,919,2014,30,MR,19,32,87,62,68,88,83,90,81,6
1410,920,2014,41,AF,17,31,43,82,69,81,86,80,81,5
1411,921,2014,45,MC,18,32,87,44,72,82,81,92,82,6
1412,922,2014,31,M,17,39,92,62,72,86,82,93,87,10
1413,923,2014,39,MR,19,32,87,63,63,82,85,88,82,5
1414,924,2014,31,MC,19,39,92,65,78,85,87,90,82,6
1415,925,2014,30,M,17,36,90,67,67,83,82,93,82,9
1416,926,2014,44,M,18,32,93,68,76,88,86,93,82,9
1417,927,2014,41,MC,17,31,81,43,65,79,78,82,83,3
1418,928,2014,44,MC,20,65,98,64,79,88,92,92,87,6
1419,929,2014,32,AS,22,48,63,98,92,93,90,92,83,7
1420,930,2014,46,ML,20,30,91,72,63,84,79,91,88,3
1421,931,2014,30,MC,18,55,86,45,80,79,87,80,87,6
1422,932,2014,44,AF,21,52,75,97,85,95,95,82,93,8
1423,933,2014,44,AF,22,49,82,99,91,95,93,97,95,7
1424,934,2014,32,AF,22,47,83,99,84,95,92,96,97,7
